saramin,text
,대표자명추현보업종기타 일반 기계 및 장비 수리업기업주소대구 달성군 옥포면 간경길 11
,"설립일                            2020년 03월 05일                                (업력 2년)대표자명오지환업종데이터베이스 및 온라인정보 제공업재무정보매출액 6억원▲(2020년 기준)전체평균연봉2500만원▲                                                            (2020년 기준)전체기업주소인천 부평구 부평대로 293, 913호"
,"설립일                            2021년 02월 09일                                (업력 1년)대표자명이준서업종일반 서적 출판업기업주소인천 부평구 부평대로 293, 9층 906호"
,설립일                            2002년 01월 03일                                (업력 20년)대표자명박광범업종치과용 기기 제조업기업주소대구 달성군 다사읍 세천로7길 45
,"설립일                            2021년 06월 25일                                (업력 1년)대표자명김태용업종응용 소프트웨어 개발 및 공급업기업주소인천 부평구 부평대로 293, 10층 1020호"
,설립일                            2016년 02월 05일                                (업력 6년)대표자명심원호업종비주거용 건물 개발 및 공급업재무정보매출액 7억원▲(2021년 기준)전체기업주소인천 부평구 부평대로 293
,"설립일                            2014년 12월 26일                                (업력 8년)대표자명이학열업종가전제품 및 부품 도매업재무정보매출액 12억원▲영업이익 2500만원▲(2020년 기준)전체평균연봉3000만원▲                                                            (2020년 기준)전체기업주소인천 부평구 부평대로 293, 902호"
,"설립일                            2019년 05월 24일                                (업력 3년)대표자명김유석업종응용 소프트웨어 개발 및 공급업재무정보매출액 7억원▲영업이익 5000만원▲(2020년 기준)전체평균연봉5000만원▲                                                            (2020년 기준)전체기업주소서울 강남구 봉은사로 435, 206호"
,"설립일                            2020년 06월 17일                                (업력 2년)대표자명이미정업종영화, 비디오물 및 방송프로그램 제작 관련 서비스업재무정보매출액 2500만원▲영업이익 10.5만원▲(2020년 기준)전체기업주소인천 부평구 부평대로 293, 1009호"
,"설립일                            2019년 06월 04일                                (업력 3년)대표자명홍상용업종그 외 기타 정보 서비스업재무정보매출액 4억원▲(2020년 기준)전체기업주소인천 부평구 부평대로 293, 인천콘텐츠기업육성센터 908호"
,"(주)베리어스스튜디오관심기업 등록관심기업 등록나의 커리어 첫 시작설립일                            2021년 06월 25일                                (업력 1년)대표자명김태용업종응용 소프트웨어 개발 및 공급업기업주소인천 부평구 부평대로 293, 10층 1020호"
,"(주)아이오아이관심기업 등록관심기업 등록나의 커리어 첫 시작설립일                            2020년 07월 10일                                (업력 2년)대표자명김지현업종그 외 기타 건축 마무리 공사업재무정보매출액 7억원▲(2020년 기준)전체기업주소인천 부평구 부평대로 293, 1014호(주)아이오아이게임즈관심기업 등록관심기업 등록나의 커리어 첫 시작설립일                            2018년 02월 22일                                (업력 4년)대표자명배성곤업종응용 소프트웨어 개발 및 공급업재무정보매출액 6억원▲영업이익 868.5만원▲(2020년 기준)전체평균연봉4500만원▲                                                            (2020년 기준)전체기업주소서울 구로구 디지털로31길 41, 711호아이오아이소프트(주)관심기업 등록관심기업 등록나의 커리어 첫 시작설립일                            2016년 02월 15일                                (업력 6년)대표자명김형섭업종응용 소프트웨어 개발 및 공급업평균연봉2500만원▲                                                        전체기업주소서울 강남구 봉은사로22길 45-9, 2층(주)아이오아이홀딩스관심기업 등록관심기업 등록나의 커리어 첫 시작설립일                            2015년 03월 19일                                (업력 7년)대표자명조현업종전시, 컨벤션 및 행사 대행업재무정보매출액 1억원▲(2020년 기준)전체기업주소서울 강남구 강남대로132길 55, 5층아이오아이관심기업 등록관심기업 등록나의 커리어 첫 시작대표자명천진국업종전자상거래 소매 중개업기업주소서울 중구 수표로4길 26"
,"(주)엔지아커넥트관심기업 등록관심기업 등록간식제공 복지 기업!코시국에 건강챙겨요!통신비 지원 기업!명절선물/귀향비장기근속수당제공 기업나의 커리어 첫 시작이전멈춤다음설립일                            2019년 05월 24일                                (업력 3년)대표자명김유석업종응용 소프트웨어 개발 및 공급업재무정보매출액 7억원▲영업이익 5000만원▲(2020년 기준)전체평균연봉5000만원▲                                                            (2020년 기준)전체기업주소서울 강남구 봉은사로 435, 206호"
,"(주)제이엠디지텍관심기업 등록관심기업 등록나의 커리어 첫 시작설립일                            2010년 06월 28일                                (업력 12년)대표자명김용언업종기타 가정용 전기기기 제조업재무정보매출액 12억원▲영업이익 5000만원▲(2020년 기준)전체평균연봉4000만원▲                                                            (2020년 기준)전체기업주소인천 부평구 부평대로 293, 715호,716호,717호(주)제이엠디지텍관심기업 등록관심기업 등록나의 커리어 첫 시작설립일                            2013년 04월 05일                                (업력 9년)대표자명김재욱업종일반용 전기 조명장치 제조업기업주소경북 구미시 고아읍 원대로 392-22"
,우진코아테크관심기업 등록관심기업 등록나의 커리어 첫 시작대표자명추현보업종기타 일반 기계 및 장비 수리업기업주소대구 달성군 옥포면 간경길 11
,"이에스이엔지(주)관심기업 등록관심기업 등록나의 커리어 첫 시작진행중 채용공고 5건 >설립일                            2016년 08월 24일                                (업력 6년)대표자명권기태업종산업용 냉장 및 냉동 장비 제조업재무정보매출액 15억원▲(2020년 기준)전체평균연봉5000만원▲                                                            (2020년 기준)전체기업주소경기 안산시 단원구 광덕4로 250, 402,403호채용중 폐수처리 관리대행 인력 모집 인천 연수구 경력3년↑ 학력무관 ~ 06/25(토)입사지원 채용중 수질 환경전문공사업 전문 인력 모집 경기 안산시 단원구 경력5년↑ 초대졸↑ ~ 05/26(목)입사지원 채용중 대기 환경전문공사업 전문 인력 모집 경기 안산시 단원구 경력5년↑ 초대졸↑ ~ 06/25(토)입사지원 채용중 폐수처리 관리대행 경력직 모집 인천 부평구 경력3년↑ 학력무관 내일마감입사지원 채용중 환경측정분석사 정규직 채용 - 신입/경력 경기 안산시 단원구 경력무관 초대졸↑ ~ 05/22(일)입사지원 (주)이에스이엔지관심기업 등록관심기업 등록연봉 인상 높은↗↗↗나의 커리어 첫 시작이전멈춤다음설립일                            2016년 05월 16일                                (업력 6년)대표자명김재운업종기타 토목시설물 건설업재무정보매출액 15억원▲영업이익 5000만원▲(2018년 기준)전체평균연봉5500만원▲                                                            (2018년 기준)전체기업주소경기 남양주시 양정로219번길 66-3(주)이에스이엔지관심기업 등록관심기업 등록나의 커리어 첫 시작설립일                            2019년 12월 06일                                (업력 3년)대표자명최병주업종액체 여과기 제조업평균연봉2500만원▲                                                            (2019년 기준)전체기업주소충남 태안군 태안읍 원이로 341-23에이치제이에스이엔지(주)관심기업 등록관심기업 등록만만치 않은 교통비연구가 좋아요~구내식당 복지 기업!초봉 알짜기업코시국에 건강챙겨요!수면실 보유 기업모음喜怒哀樂 함께해요!단체상해보험 기업!휴식시간 필요해요자유 복장 기업 모음휴가비 지원 기업커피는 회사가 쏜다집 고민 덜어주는!월급을 사수하자!사내 카페 보유 기업월급+보너스=행복2배명절선물/귀향비나의 커리어 첫 시작이전멈춤다음진행중 채용공고 1건 >설립일                            2003년 04월 29일                                (업력 19년)대표자명황두철업종반도체 제조용 기계 제조업재무정보매출액 220억원▲영업이익 20억원▲(2021년 기준)전체평균연봉5500만원▲                                                            (2021년 기준)전체기업주소경기 용인시 처인구 모현읍 곡현로855번길 7-5, , 413-3, 405-7채용중 2022년 에이치제이에스이엔지(주) 신규채용공고 경기 용인시 처인구 신입·경력 초대졸↑ ~ 05/12(목)입사지원 와이이에스이엔지(주)관심기업 등록관심기업 등록연봉 인상 높은↗↗↗나의 커리어 첫 시작이전멈춤다음설립일                            2003년 07월 01일                                (업력 19년)대표자명강동윤/이생용업종건물용 기계ㆍ장비 설치 공사업재무정보매출액 15억원▲영업이익 1000만원▲(2018년 기준)전체평균연봉3500만원▲                                                            (2018년 기준)전체기업주소서울 강동구 천중로 194, 2층 에이-1호(주)피케이에스이엔지관심기업 등록관심기업 등록나의 커리어 첫 시작설립일                            2015년 07월 31일                                (업력 7년)대표자명박기삼업종여자용 겉옷 제조업재무정보매출액 9억원▲영업이익 2500만원▲(2020년 기준)전체평균연봉2500만원▲                                                            (2020년 기준)전체기업주소경기 고양시 덕양구 통일로 140, A동 119호(주)케이에스이엔지관심기업 등록관심기업 등록나의 커리어 첫 시작설립일                            2017년 05월 02일                                (업력 5년)대표자명김홍자업종승강기 제조업재무정보매출액 15억원▲영업이익 7500만원▲(2020년 기준)전체평균연봉4000만원▲                                                            (2020년 기준)전체기업주소경기 안양시 동안구 흥안대로427번길 16, B동 218호(주)이이에스이엔지관심기업 등록관심기업 등록나의 커리어 첫 시작설립일                            2019년 03월 12일                                (업력 3년)대표자명강성현업종배전반 및 전기 자동제어반 제조업재무정보매출액 5억원▲영업이익 5000만원▲(2020년 기준)전체기업주소충남 천안시 서북구 한들1로 93, A동 203호(주)뉴이에스이엔지관심기업 등록관심기업 등록나의 커리어 첫 시작설립일                            2018년 06월 04일                                (업력 4년)대표자명김선희업종배관 및 냉ㆍ난방장치 도매업평균연봉3500만원▲                                                        전체기업주소서울 강서구 마곡중앙6로 42, 509호이에스이엔지관심기업 등록관심기업 등록대표자명정진건업종기타제조업기업주소충남 천안시 동남구 풍세면 풍세로 537,부속건축물 1동이에스이엔지관심기업 등록관심기업 등록나의 커리어 첫 시작업종일반 목적용 기계 제조업기업주소서울 강남구 광평로 295엠이에스이엔지관심기업 등록관심기업 등록나의 커리어 첫 시작업종전기장비 제조업기업주소충남 천안시 서북구 직산읍 부송로 142이에스건축이앤지건축사사무소관심기업 등록관심기업 등록나의 커리어 첫 시작대표자명곽은선업종건축설계 및 관련 서비스업재무정보매출액 2억원▲영업이익 2500만원▲(2018년 기준)전체기업주소서울 서초구 방배로 22, 삼원빌딩 2층. 202-1호"
,"(주)데이터하이브관심기업 등록관심기업 등록정시 퇴근 보장!자유 복장 기업 모음월급+보너스=행복2배나의 커리어 첫 시작자율근무제도이전멈춤다음진행중 채용공고 2건 >설립일                            2020년 03월 05일                                (업력 2년)대표자명오지환업종데이터베이스 및 온라인정보 제공업재무정보매출액 6억원▲(2020년 기준)전체평균연봉2500만원▲                                                            (2020년 기준)전체기업주소인천 부평구 부평대로 293, 913호채용중 스마트팩토리 SW 백엔드 개발자 채용 경기 화성시 경력5년↑ 대졸↑ ~ 05/26(목)채용 홈페이지 채용중 챗봇 SW 개발자 (백엔드/프론트엔드/AI엔진) 인천 부평구 경력무관 초대졸↑ ~ 05/26(목)채용 홈페이지"
,"(주)라이징크래프트관심기업 등록관심기업 등록나의 커리어 첫 시작진행중 채용공고 2건 >설립일                            2021년 02월 09일                                (업력 1년)대표자명이준서업종일반 서적 출판업기업주소인천 부평구 부평대로 293, 9층 906호채용중 [라이징크래프트] 유니티 개발 경력무관 모집 인천 부평구 경력무관 학력무관 ~ 04/30(토)채용 홈페이지 채용중 [라이징크래프트] 웹 개발자 경력무관 채용 인천 부평구 경력무관 학력무관 상시채용채용 홈페이지"
,"(주)메가젠임플란트관심기업 등록관심기업 등록어제 최다 조회수◐◐슬기로운 육아휴직기업편의시설이 아닌 인권통근버스 운영 기업구내식당 복지 기업!간식제공 복지 기업!배부른 퇴근길코시국에 건강챙겨요!전월 최多클릭 기업喜怒哀樂 함께해요!포상휴가를 주는 기업집 고민 덜어주는!인기 채용기업@대구노동조합有 기업 모음자기계발비 지원 기업월급을 사수하자!명절선물/귀향비나의 커리어 첫 시작이전멈춤다음진행중 채용공고 20건 >설립일                            2002년 01월 03일                                (업력 20년)대표자명박광범업종치과용 기기 제조업기업주소대구 달성군 다사읍 세천로7길 45채용중 [품질팀] 치과용 체어 품질 관리자 모집 대구 달성군 경력2년↑ 대졸↑ ~ 05/27(금)입사지원 채용중 [디지털솔루션기술지원팀] CAD/CAM 지원 인원 모집 서울 강남구 신입·경력 초대졸↑ ~ 05/26(목)입사지원 채용중 [유닛체어 생산팀] 치과용 체어 생산/자재/수불관리 담당자 모집 대구 달성군 경력2년↑ 초대졸↑ ~ 05/25(수)입사지원 채용중 [디지털보철기공연구팀] 디지털보철기공 연구원 모집 대구 달성군 경력5년↑ 대졸↑ ~ 05/25(수)입사지원 채용중 [재경팀] 재무회계 경력자 모집 대구 달성군 경력5년↑ 초대졸↑ ~ 06/20(월)입사지원 채용중 [유닛체어 생산팀] 치과용체어 생산(조립,포장)업무 인원 모집 대구 달성군 경력무관 고졸↑ ~ 05/20(금)입사지원 채용중 [해외법인팀] 해외 법인 전략 기획 및 관리 업무 담당자 모집 대구 달성군 경력2년↑ 대졸↑ ~ 05/20(금)입사지원 채용중 [CNC팀] 치과용임플란트 CNC담당 (신입/경력) 직원 모집 대구 달성군 신입·경력 고졸↑ ~ 05/19(목)입사지원 채용중 [품질보증팀-검사반] 출하 검사 담당 인재 모집 대구 달성군 경력무관 초대졸↑ ~ 05/19(목)입사지원 채용중 [디지털솔루션기술지원팀] CAD/CAM 설치 및 교육 담당 인원 모집 대구 달성군 경력무관 초대졸↑ ~ 05/11(수)입사지원"
,"(주)세우인코퍼레이션관심기업 등록관심기업 등록정시 퇴근 보장!슬기로운 육아휴직기업남성출산휴가 기업!편의시설이 아닌 인권통근버스 운영 기업구내식당 복지 기업!간식제공 복지 기업!멘토링제도 복지 기업배부른 퇴근길콘도/리조트 지원기업코시국에 건강챙겨요!외국어 교육 지원!喜怒哀樂 함께해요!단체상해보험 기업!휴식시간 필요해요자유 복장 기업 모음야근 눈치 보지마요집 고민 덜어주는!노동조합有 기업 모음자격증수당제공 기업!자기계발비 지원 기업월급을 사수하자!주차 고민은 끝!월급+보너스=행복2배회식/야근 멈춰!명절선물/귀향비나의 커리어 첫 시작이전멈춤다음진행중 채용공고 1건 >설립일                            2000년 02월 14일                                (업력 22년)대표자명오형준업종그 외 기타 전자부품 제조업재무정보매출액 600억원▲영업이익 60억원▲(2020년 기준)전체평균연봉4000만원▲                                                            (2020년 기준)전체기업주소경기 평택시 서탄면 내천길 115채용중 [경영지원부] 총무공무부문 경력사원 모집 경기 평택시 경력3년↑ 대졸↑ ~ 05/21(토)입사지원 (주)세우인코퍼레이션 지점관심기업 등록관심기업 등록슬기로운 육아휴직기업남성출산휴가 기업!통근버스 운영 기업간식제공 복지 기업!코시국에 건강챙겨요!喜怒哀樂 함께해요!휴식시간 필요해요집 고민 덜어주는!자기계발비 지원 기업플레이샵 지원 기업!주차 고민은 끝!명절선물/귀향비이전멈춤다음설립일                            2005년 05월 01일                                (업력 17년)대표자명오형준업종제조·화학재무정보매출액 500억원▲(2017년 기준)전체기업주소경기 평택시 서탄면 내천길 115(주)세우인코퍼레이션 안산지점관심기업 등록관심기업 등록간식제공 복지 기업!배부른 퇴근길코시국에 건강챙겨요!단체상해보험 기업!휴식시간 필요해요월급을 사수하자!월급+보너스=행복2배이전멈춤다음진행중 채용공고 1건 >설립일                            2019년 11월 06일                                (업력 3년)대표자명오형준업종기타제조업기업주소경기 안산시 단원구 지원로 107-12 (주)반월시화에코클러스터피에프브이채용중 설계팀, 총무(공무)팀 정규직 채용 경기 평택시 신입·경력 초대졸↑ ~ 05/15(일)입사지원"
,우진코아테크관심기업 등록관심기업 등록나의 커리어 첫 시작대표자명추현보업종기타 일반 기계 및 장비 수리업기업주소대구 달성군 옥포면 간경길 11
,"이에스이엔지(주)관심기업 등록관심기업 등록나의 커리어 첫 시작진행중 채용공고 5건 >설립일                            2016년 08월 24일                                (업력 6년)대표자명권기태업종산업용 냉장 및 냉동 장비 제조업재무정보매출액 15억원▲(2020년 기준)전체평균연봉5000만원▲                                                            (2020년 기준)전체기업주소경기 안산시 단원구 광덕4로 250, 402,403호채용중 폐수처리 관리대행 인력 모집 인천 연수구 경력3년↑ 학력무관 ~ 06/25(토)입사지원 채용중 수질 환경전문공사업 전문 인력 모집 경기 안산시 단원구 경력5년↑ 초대졸↑ ~ 05/26(목)입사지원 채용중 대기 환경전문공사업 전문 인력 모집 경기 안산시 단원구 경력5년↑ 초대졸↑ ~ 06/25(토)입사지원 채용중 폐수처리 관리대행 경력직 모집 인천 부평구 경력3년↑ 학력무관 내일마감입사지원 채용중 환경측정분석사 정규직 채용 - 신입/경력 경기 안산시 단원구 경력무관 초대졸↑ ~ 05/22(일)입사지원 (주)이에스이엔지관심기업 등록관심기업 등록연봉 인상 높은↗↗↗나의 커리어 첫 시작이전멈춤다음설립일                            2016년 05월 16일                                (업력 6년)대표자명김재운업종기타 토목시설물 건설업재무정보매출액 15억원▲영업이익 5000만원▲(2018년 기준)전체평균연봉5500만원▲                                                            (2018년 기준)전체기업주소경기 남양주시 양정로219번길 66-3(주)이에스이엔지관심기업 등록관심기업 등록나의 커리어 첫 시작설립일                            2019년 12월 06일                                (업력 3년)대표자명최병주업종액체 여과기 제조업평균연봉2500만원▲                                                            (2019년 기준)전체기업주소충남 태안군 태안읍 원이로 341-23에이치제이에스이엔지(주)관심기업 등록관심기업 등록만만치 않은 교통비연구가 좋아요~구내식당 복지 기업!초봉 알짜기업코시국에 건강챙겨요!수면실 보유 기업모음喜怒哀樂 함께해요!단체상해보험 기업!휴식시간 필요해요자유 복장 기업 모음휴가비 지원 기업커피는 회사가 쏜다집 고민 덜어주는!월급을 사수하자!사내 카페 보유 기업월급+보너스=행복2배명절선물/귀향비나의 커리어 첫 시작이전멈춤다음진행중 채용공고 1건 >설립일                            2003년 04월 29일                                (업력 19년)대표자명황두철업종반도체 제조용 기계 제조업재무정보매출액 220억원▲영업이익 20억원▲(2021년 기준)전체평균연봉5500만원▲                                                            (2021년 기준)전체기업주소경기 용인시 처인구 모현읍 곡현로855번길 7-5, , 413-3, 405-7채용중 2022년 에이치제이에스이엔지(주) 신규채용공고 경기 용인시 처인구 신입·경력 초대졸↑ ~ 05/12(목)입사지원 와이이에스이엔지(주)관심기업 등록관심기업 등록연봉 인상 높은↗↗↗나의 커리어 첫 시작이전멈춤다음설립일                            2003년 07월 01일                                (업력 19년)대표자명강동윤/이생용업종건물용 기계ㆍ장비 설치 공사업재무정보매출액 15억원▲영업이익 1000만원▲(2018년 기준)전체평균연봉3500만원▲                                                            (2018년 기준)전체기업주소서울 강동구 천중로 194, 2층 에이-1호(주)피케이에스이엔지관심기업 등록관심기업 등록나의 커리어 첫 시작설립일                            2015년 07월 31일                                (업력 7년)대표자명박기삼업종여자용 겉옷 제조업재무정보매출액 9억원▲영업이익 2500만원▲(2020년 기준)전체평균연봉2500만원▲                                                            (2020년 기준)전체기업주소경기 고양시 덕양구 통일로 140, A동 119호(주)케이에스이엔지관심기업 등록관심기업 등록나의 커리어 첫 시작설립일                            2017년 05월 02일                                (업력 5년)대표자명김홍자업종승강기 제조업재무정보매출액 15억원▲영업이익 7500만원▲(2020년 기준)전체평균연봉4000만원▲                                                            (2020년 기준)전체기업주소경기 안양시 동안구 흥안대로427번길 16, B동 218호(주)이이에스이엔지관심기업 등록관심기업 등록나의 커리어 첫 시작설립일                            2019년 03월 12일                                (업력 3년)대표자명강성현업종배전반 및 전기 자동제어반 제조업재무정보매출액 5억원▲영업이익 5000만원▲(2020년 기준)전체기업주소충남 천안시 서북구 한들1로 93, A동 203호(주)뉴이에스이엔지관심기업 등록관심기업 등록나의 커리어 첫 시작설립일                            2018년 06월 04일                                (업력 4년)대표자명김선희업종배관 및 냉ㆍ난방장치 도매업평균연봉3500만원▲                                                        전체기업주소서울 강서구 마곡중앙6로 42, 509호이에스이엔지관심기업 등록관심기업 등록대표자명정진건업종기타제조업기업주소충남 천안시 동남구 풍세면 풍세로 537,부속건축물 1동이에스이엔지관심기업 등록관심기업 등록나의 커리어 첫 시작업종일반 목적용 기계 제조업기업주소서울 강남구 광평로 295엠이에스이엔지관심기업 등록관심기업 등록나의 커리어 첫 시작업종전기장비 제조업기업주소충남 천안시 서북구 직산읍 부송로 142이에스건축이앤지건축사사무소관심기업 등록관심기업 등록나의 커리어 첫 시작대표자명곽은선업종건축설계 및 관련 서비스업재무정보매출액 2억원▲영업이익 2500만원▲(2018년 기준)전체기업주소서울 서초구 방배로 22, 삼원빌딩 2층. 202-1호"
,"(주)데이터하이브관심기업 등록관심기업 등록정시 퇴근 보장!자유 복장 기업 모음월급+보너스=행복2배나의 커리어 첫 시작자율근무제도이전멈춤다음진행중 채용공고 2건 >설립일                            2020년 03월 05일                                (업력 2년)대표자명오지환업종데이터베이스 및 온라인정보 제공업재무정보매출액 6억원▲(2020년 기준)전체평균연봉2500만원▲                                                            (2020년 기준)전체기업주소인천 부평구 부평대로 293, 913호채용중 스마트팩토리 SW 백엔드 개발자 채용 경기 화성시 경력5년↑ 대졸↑ ~ 05/26(목)채용 홈페이지 채용중 챗봇 SW 개발자 (백엔드/프론트엔드/AI엔진) 인천 부평구 경력무관 초대졸↑ ~ 05/26(목)채용 홈페이지"
,"(주)라이징크래프트관심기업 등록관심기업 등록나의 커리어 첫 시작진행중 채용공고 2건 >설립일                            2021년 02월 09일                                (업력 1년)대표자명이준서업종일반 서적 출판업기업주소인천 부평구 부평대로 293, 9층 906호채용중 [라이징크래프트] 유니티 개발 경력무관 모집 인천 부평구 경력무관 학력무관 ~ 04/30(토)채용 홈페이지 채용중 [라이징크래프트] 웹 개발자 경력무관 채용 인천 부평구 경력무관 학력무관 상시채용채용 홈페이지"
,"(주)메가젠임플란트관심기업 등록관심기업 등록어제 최다 조회수◐◐슬기로운 육아휴직기업편의시설이 아닌 인권통근버스 운영 기업구내식당 복지 기업!간식제공 복지 기업!배부른 퇴근길코시국에 건강챙겨요!전월 최多클릭 기업喜怒哀樂 함께해요!포상휴가를 주는 기업집 고민 덜어주는!인기 채용기업@대구노동조합有 기업 모음자기계발비 지원 기업월급을 사수하자!명절선물/귀향비나의 커리어 첫 시작이전멈춤다음진행중 채용공고 20건 >설립일                            2002년 01월 03일                                (업력 20년)대표자명박광범업종치과용 기기 제조업기업주소대구 달성군 다사읍 세천로7길 45채용중 [품질팀] 치과용 체어 품질 관리자 모집 대구 달성군 경력2년↑ 대졸↑ ~ 05/27(금)입사지원 채용중 [디지털솔루션기술지원팀] CAD/CAM 지원 인원 모집 서울 강남구 신입·경력 초대졸↑ ~ 05/26(목)입사지원 채용중 [유닛체어 생산팀] 치과용 체어 생산/자재/수불관리 담당자 모집 대구 달성군 경력2년↑ 초대졸↑ ~ 05/25(수)입사지원 채용중 [디지털보철기공연구팀] 디지털보철기공 연구원 모집 대구 달성군 경력5년↑ 대졸↑ ~ 05/25(수)입사지원 채용중 [재경팀] 재무회계 경력자 모집 대구 달성군 경력5년↑ 초대졸↑ ~ 06/20(월)입사지원 채용중 [유닛체어 생산팀] 치과용체어 생산(조립,포장)업무 인원 모집 대구 달성군 경력무관 고졸↑ ~ 05/20(금)입사지원 채용중 [해외법인팀] 해외 법인 전략 기획 및 관리 업무 담당자 모집 대구 달성군 경력2년↑ 대졸↑ ~ 05/20(금)입사지원 채용중 [CNC팀] 치과용임플란트 CNC담당 (신입/경력) 직원 모집 대구 달성군 신입·경력 고졸↑ ~ 05/19(목)입사지원 채용중 [품질보증팀-검사반] 출하 검사 담당 인재 모집 대구 달성군 경력무관 초대졸↑ ~ 05/19(목)입사지원 채용중 [디지털솔루션기술지원팀] CAD/CAM 설치 및 교육 담당 인원 모집 대구 달성군 경력무관 초대졸↑ ~ 05/11(수)입사지원"
,(주)부평테크시티관심기업 등록관심기업 등록나의 커리어 첫 시작설립일                            2016년 02월 05일                                (업력 6년)대표자명심원호업종비주거용 건물 개발 및 공급업재무정보매출액 7억원▲(2021년 기준)전체기업주소인천 부평구 부평대로 293
,"(주)브리오관심기업 등록관심기업 등록신입인데 연봉사천?나의 커리어 첫 시작이전멈춤다음설립일                            2012년 04월 10일                                (업력 10년)대표자명김문호업종금속 단조제품 제조업재무정보매출액 15억원▲(2020년 기준)전체평균연봉5500만원▲                                                            (2020년 기준)전체기업주소경기 화성시 팔탄면 신양3길 30(주)브리오관심기업 등록관심기업 등록나의 커리어 첫 시작설립일                            2017년 01월 11일                                (업력 5년)대표자명김태광업종전자상거래 소매 중개업재무정보매출액 20억원▲영업이익 4억원▲(2020년 기준)전체평균연봉4000만원▲                                                            (2020년 기준)전체기업주소경기 부천시 중동로248번길 52, 303호(주)브리오관심기업 등록관심기업 등록나의 커리어 첫 시작설립일                            2010년 10월 28일                                (업력 12년)대표자명강미영업종컴퓨터 및 주변장치, 소프트웨어 도매업평균연봉4500만원▲                                                        전체기업주소경기 성남시 분당구 황새울로200번길 36, 812호(주)브리오관심기업 등록관심기업 등록나의 커리어 첫 시작설립일                            2013년 08월 08일                                (업력 9년)대표자명남혜린업종그 외 기타 식료품 제조업기업주소대전 서구 갈마역로 10, 2층 201호브리오컨설팅관심기업 등록관심기업 등록진행중 채용공고 1건 >대표자명이용석업종연구소·컨설팅·조사기업주소서울 송파구 백제고분로7길 32-29 4층채용중 인사노무행정 신입사원(사원급) 모집 서울 송파구 신입 학력무관 ~ 05/03(화)입사지원 (주)브리오컴퍼니관심기업 등록관심기업 등록나의 커리어 첫 시작설립일                            2016년 04월 05일                                (업력 6년)대표자명박문성업종광고 대행업재무정보매출액 15억원▲영업이익 2억원▲(2021년 기준)전체기업주소경기 하남시 하남대로 947, A동 1417호브리오관심기업 등록관심기업 등록나의 커리어 첫 시작대표자명서의곤업종시스템ㆍ응용 소프트웨어 개발 및 공급업기업주소서울 강남구 광평로 280, 2011호브리오슈도레 화성시청점관심기업 등록관심기업 등록대표자명김경종업종식품가공·개발기업주소경기 화성시 남양읍 남양로 671브리오슈도레(나보나스퀘어점)관심기업 등록관심기업 등록대표자명이재호업종외식업·식음료기업주소충북 청주시 상당구 상당로 66브리오슈도레 마포합정점관심기업 등록관심기업 등록대표자명Nickykim업종외식업·식음료기업주소서울 마포구 합정동 마포한강푸르지오 상업시설 2차 107호브리오비즈(Briobiz)관심기업 등록관심기업 등록대표자명김상훈기업주소부산 동래구 명륜1동 401-9 4층브리오컨설팅관심기업 등록관심기업 등록대표자명이용석업종기타서비스업기업주소서울 송파구 백제고분로18길 3-11"
,"(주)브이다임관심기업 등록관심기업 등록코시국에 건강챙겨요!회사에서 즐기는 게임회식/야근 멈춰!명절선물/귀향비나의 커리어 첫 시작이전멈춤다음설립일                            2020년 05월 21일                                (업력 2년)대표자명김영완업종응용 소프트웨어 개발 및 공급업기업주소경기 부천시 조마루로385번길 122, 1505-2호(주)임공장에프엔브이관심기업 등록관심기업 등록나의 커리어 첫 시작설립일                            2021년 03월 05일                                (업력 1년)대표자명공병호업종채소류, 서류 및 향신작물류 도매업기업주소경기 시흥시 수인로 2504"
,"(주)비바관심기업 등록관심기업 등록나의 커리어 첫 시작설립일                            2012년 04월 17일                                (업력 10년)대표자명김규태업종주방용 전기기기 제조업재무정보매출액 10억원▲영업이익 1억원▲(2021년 기준)전체기업주소경기 부천시 원미로 207(주)비바관심기업 등록관심기업 등록연봉 인상 높은↗↗↗나의 커리어 첫 시작이전멈춤다음설립일                            2011년 08월 30일                                (업력 11년)대표자명오흥일업종기타 가정용 전기기기 제조업평균연봉5000만원▲                                                        전체기업주소경기 화성시 정남면 덕절창말길 53-50(주)비바관심기업 등록관심기업 등록깜짝! 업계신흥강자나의 커리어 첫 시작이전멈춤다음설립일                            2019년 10월 17일                                (업력 3년)대표자명임재학업종기타 무선 통신장비 제조업재무정보매출액 15억원▲영업이익 1000만원▲(2020년 기준)전체평균연봉3000만원▲                                                            (2020년 기준)전체기업주소인천 부평구 부평대로 293, T동 801호비바(주)관심기업 등록관심기업 등록나의 커리어 첫 시작대표자명이규완업종플라스틱 선, 봉, 관 및 호스 제조업재무정보매출액 10억원▲(2020년 기준)전체평균연봉3500만원▲                                                            (2020년 기준)전체기업주소충북 옥천군 옥천읍 옥천농공길 86(주)비바관심기업 등록관심기업 등록나의 커리어 첫 시작설립일                            2015년 01월 21일                                (업력 7년)대표자명오영석업종기타 가공식품 도매업재무정보매출액 12억원▲영업이익 5000만원▲(2017년 기준)전체기업주소경기 구리시 동구릉로459번길 125, 가동(주)비바관심기업 등록관심기업 등록나의 커리어 첫 시작대표자명김종국업종비주거용 건물 개발 및 공급업재무정보매출액 1000만원▲(2021년 기준)전체기업주소경기 광주시 곤지암읍 신만로 11-12(주)비바관심기업 등록관심기업 등록나의 커리어 첫 시작설립일                            2019년 12월 24일                                (업력 3년)대표자명이영길업종상용 인력 공급 및 인사관리 서비스업기업주소충남 천안시 서북구 서부18길 5, 401호(주)비바리퍼블리카관심기업 등록관심기업 등록직원대출제도 운영기업어제 최다 조회수◐◐현재 핫 이슈 기업★슬기로운 육아휴직기업매출30억이상스타트업남성출산휴가 기업!평균 연봉 육천만원!매출20억이상스타트업가족의료비지원 기업!간식제공 복지 기업!멘토링제도 복지 기업배부른 퇴근길코시국에 건강챙겨요!매출10억이상스타트업수면실 보유 기업모음전월 최多클릭 기업인기 채용기업@서울휴식시간 필요해요자유 복장 기업 모음너도나도 찜한 기업커피는 회사가 쏜다야근 눈치 보지마요집 고민 덜어주는!기업가치1조유니콘기업사람인 핫 스타트업자기계발비 지원 기업플레이샵 지원 기업!월급을 사수하자!사내 카페 보유 기업직장인의꿈★평균연봉매출40억이상스타트업업무도 식후경Refresh 휴가회식/야근 멈춰!스타트업의 매력★명절선물/귀향비나의 커리어 첫 시작이전멈춤다음진행중 채용공고 56건 >설립일                            2013년 04월 23일                                (업력 9년)대표자명이승건업종그 외 기타 금융 지원 서비스업재무정보매출액 2000억원▲(2021년 기준)전체평균연봉6500만원▲                                                            (2021년 기준)전체기업주소서울 강남구 테헤란로 142, 12층채용중 [토스] Internal Network Engineer 서울 강남구 경력무관 학력무관 ~ 05/25(수)홈페이지 지원 채용중 [토스] Internal System Engineer 서울 강남구 경력무관 학력무관 ~ 05/25(수)홈페이지 지원 채용중 [토스뱅크] Internal Product Developer (고객 상담 시스템) 서울 강남구 경력무관 학력무관 채용시입사지원 채용중 [토스] Account Manager (광고/제휴) 서울 강남구 경력무관 학력무관 채용시홈페이지 지원 채용중 [토스증권]  QA Manager 서울 강남구 경력 학력무관 상시채용홈페이지 지원 채용중 [토스] Data Analysis Assistant 서울 강남구 경력무관 학력무관 상시채용홈페이지 지원 채용중 [토스증권] System Engineer 서울 강남구 경력 학력무관 상시채용홈페이지 지원 채용중 [토스뱅크] System Engineer 서울 강남구 경력 학력무관 상시채용홈페이지 지원 채용중 [토스씨엑스] System Engineer 서울 강남구 경력 학력무관 상시채용홈페이지 지원 채용중 [토스씨엑스] Network Engineer 서울 강남구 경력 학력무관 상시채용홈페이지 지원 (주)비스비바관심기업 등록관심기업 등록월급을 사수하자!월급+보너스=행복2배회식/야근 멈춰!명절선물/귀향비나의 커리어 첫 시작이전멈춤다음진행중 채용공고 6건 >설립일                            2008년 11월 20일                                (업력 14년)대표자명김진석업종그 외 기타 플라스틱 제품 제조업재무정보매출액 80억원▲영업이익 2억원▲(2020년 기준)전체평균연봉3500만원▲                                                            (2020년 기준)전체기업주소경기 이천시 호법면 중부대로763번길 75채용중 오프라인 영업기획팀 채용 서울 송파구 경력 학력무관 ~ 05/27(금)입사지원 채용중 송파구 비스비바 온라인 MD 채용 서울 송파구 경력무관 학력무관 ~ 05/28(토)입사지원 채용중 온라인 MD 채용 서울 송파구 경력무관 학력무관 ~ 05/26(목)입사지원 채용중 글로벌 상품소싱, 무역관리 경력사원 모집 서울 송파구 경력 초대졸↑ ~ 05/25(수)입사지원 채용중 ㈜비스비바 E-커머스 브랜드 마케터 채용 서울 송파구 신입·경력 학력무관 ~ 05/02(월)입사지원 채용중 VISVIVA 온라인MD 모집 서울 송파구 신입·경력 학력무관 ~ 05/01(일)입사지원 (주)비바스튜디오관심기업 등록관심기업 등록코시국에 건강챙겨요!통신비 지원 기업!문화생활을 즐기자월급을 사수하자!나의 커리어 첫 시작이전멈춤다음진행중 채용공고 1건 >설립일                            2016년 06월 03일                                (업력 6년)대표자명이준권업종근무복, 작업복 및 유사의복 제조업평균연봉3000만원▲                                                        전체기업주소서울 성동구 성수이로 144, 1층채용중 비바스튜디오 2022년 각 부문별 공개채용 서울 성동구 신입·경력 학력무관 ~ 05/05(목)입사지원 (주)비바웨이브관심기업 등록관심기업 등록연봉 인상 높은↗↗↗전월 최多클릭 기업나의 커리어 첫 시작이전멈춤다음진행중 채용공고 1건 >설립일                            2018년 05월 17일                                (업력 4년)대표자명허재석업종화장품 제조업재무정보매출액 30억원▲(2019년 기준)전체평균연봉4000만원▲                                                            (2019년 기준)전체기업주소서울 마포구 독막로 18, 지하1층, 지상1층(102호), 지상2층(201호,202호), 지상3층, 지상4층채용중 디지털 콘텐츠 기획자 경력 채용 서울 마포구 경력 4~6년 학력무관 ~ 05/18(수)입사지원 (주)비바젠관심기업 등록관심기업 등록가족의료비지원 기업!배부른 퇴근길코시국에 건강챙겨요!통신비 지원 기업!단체상해보험 기업!자유 복장 기업 모음월급을 사수하자!나의 커리어 첫 시작이전멈춤다음진행중 채용공고 3건 >설립일                            2003년 01월 07일                                (업력 19년)대표자명박준상업종액체 여과기 제조업재무정보매출액 120억원▲영업이익 8억원▲(2020년 기준)전체평균연봉4500만원▲                                                            (2020년 기준)전체기업주소경기 성남시 중원구 둔촌대로457번길 27, 601호, 617호, 618호채용중 의약품 시험검사기관 분석연구원 모집  (정규직) (기기, 바이오) 경기 성남시 중원구 경력무관 초대졸↑ ~ 05/02(월)입사지원 채용중 2022년 기술영업 및 영업관리 [정규직] 경기 성남시 중원구 경력무관 학력무관 ~ 05/12(목)입사지원 채용중 2022년 초순수 제조기 생산 신입/경력 채용 [정규직] 경기 성남시 중원구 경력무관 초대졸↑ ~ 05/04(수)입사지원 (주)비바이노베이션관심기업 등록관심기업 등록웰컴키트 지급 기업간식제공 복지 기업!콘도/리조트 지원기업코시국에 건강챙겨요!자유 복장 기업 모음휴가비 지원 기업자기계발비 지원 기업월급을 사수하자!명절선물/귀향비나의 커리어 첫 시작자율근무제도이전멈춤다음진행중 채용공고 3건 >설립일                            2018년 01월 02일                                (업력 4년)대표자명박한업종시스템 소프트웨어 개발 및 공급업재무정보매출액 1억원▲(2020년 기준)전체평균연봉3000만원▲                                                            (2020년 기준)전체기업주소서울 강남구 논현로87길 19, 7층채용중 건강검진 분야 고객경험(서비스 CX) 담당자 채용 서울 강남구 신입 학력무관 상시채용입사지원 채용중 건강 상담 담당자 (간호사 자격증 소유자) 채용 서울 강남구 신입 학력무관 상시채용입사지원 채용중 콘텐츠 기획자 (간호사 자격증 소유자) 채용 서울 강남구 경력3년↑ 학력무관 상시채용입사지원 비바모빌리티(주)관심기업 등록관심기업 등록연봉 인상 높은↗↗↗신입인데 연봉사천?나의 커리어 첫 시작이전멈춤다음진행중 채용공고 2건 >설립일                            2018년 01월 03일                                (업력 4년)대표자명이철상업종승용차 및 기타 여객용 자동차 제조업재무정보매출액 80억원▲영업이익 1000만원▲(2021년 기준)전체평균연봉5500만원▲                                                            (2021년 기준)전체기업주소대구 북구 연암로 40, 201동 204호채용중 영업및영업지원 경력무관 채용(정규직) 서울 서초구 경력무관 초대졸↑ ~ 05/10(화)입사지원 채용중 2022년 전기자동차 전문기업 경력사원 채용공고 서울 서초구 경력5년↑ 초대졸↑ ~ 04/30(토)입사지원 (주)비바스페이스디자인관심기업 등록관심기업 등록나의 커리어 첫 시작진행중 채용공고 2건 >설립일                            2014년 09월 16일                                (업력 8년)대표자명이지연업종도배, 실내장식 및 내장 목공사업재무정보매출액 3억원▲영업이익 93.4만원▲(2020년 기준)전체기업주소전남 나주시 문화로 230채용중 아파트 신축공사현장 현장관리원 채용 전남 나주시 경력무관 학력무관 ~ 05/19(목)입사지원 채용중 본사 경리/공무 사무직 채용모집 전남 나주시 경력무관 학력무관 ~ 05/31(화)입사지원 비바상사(주)관심기업 등록관심기업 등록연봉 인상 높은↗↗↗슬기로운 육아휴직기업사택제공복지 기업!남성출산휴가 기업!신입인데 연봉사천?구내식당 복지 기업!단체상해보험 기업!집 고민 덜어주는!명절선물/귀향비나의 커리어 첫 시작이전멈춤다음설립일                            1988년 03월 14일                                (업력 34년)대표자명김일경업종가방 및 기타 보호용 케이스 제조업재무정보매출액 90억원▲영업이익 1억원▲(2020년 기준)전체평균연봉5500만원▲                                                            (2020년 기준)전체기업주소서울 송파구 위례성대로12길 7(주)비바이오관심기업 등록관심기업 등록야근 눈치 보지마요회식/야근 멈춰!명절선물/귀향비나의 커리어 첫 시작이전멈춤다음설립일                            2013년 07월 01일                                (업력 9년)대표자명오세인업종그 외 기타 일반목적용 기계 제조업재무정보매출액 40억원▲영업이익 2억원▲(2019년 기준)전체기업주소경기 안양시 동안구 엘에스로116번길 25-32, 824호(주)비바엔에스관심기업 등록관심기업 등록배부른 퇴근길나의 커리어 첫 시작이전멈춤다음진행중 채용공고 1건 >설립일                            2007년 11월 09일                                (업력 15년)대표자명김영식업종응용 소프트웨어 개발 및 공급업재무정보매출액 25억원▲영업이익 1억원▲(2019년 기준)전체평균연봉4000만원▲                                                            (2019년 기준)전체기업주소서울 강남구 논현로114길 11, 3층채용중 개발팀 백엔드 신입/경력자 모집 서울 강남구 신입·경력 초대졸↑ ~ 06/25(토)입사지원 비바문(주)관심기업 등록관심기업 등록나의 커리어 첫 시작설립일                            2018년 06월 26일                                (업력 4년)대표자명이채은업종전자상거래 소매업재무정보매출액 15억원▲영업이익 813.4만원▲(2018년 기준)전체평균연봉2500만원▲                                                            (2018년 기준)전체기업주소부산 수영구 수영로475번길 31, 지하1호(주)앤알비바이오관심기업 등록관심기업 등록나의 커리어 첫 시작진행중 채용공고 1건 >설립일                            2021년 06월 23일                                (업력 1년)대표자명조성훈업종그 외 기타 일반목적용 기계 제조업기업주소서울 강서구 공항대로 212, 1201호채용중 서울 경기지역 영업사원 채용 서울 강서구 경력무관 학력무관 채용시채용 홈페이지"
,"(주)에이피아이엔디관심기업 등록관심기업 등록나의 커리어 첫 시작설립일                            2014년 12월 26일                                (업력 8년)대표자명이학열업종가전제품 및 부품 도매업재무정보매출액 12억원▲영업이익 2500만원▲(2020년 기준)전체평균연봉3000만원▲                                                            (2020년 기준)전체기업주소인천 부평구 부평대로 293, 902호"
,"(주)온택트티비관심기업 등록관심기업 등록편의시설이 아닌 인권외국어 교육 지원!휴식시간 필요해요자유 복장 기업 모음커피는 회사가 쏜다야근 눈치 보지마요월급을 사수하자!사내 카페 보유 기업월급+보너스=행복2배회식/야근 멈춰!명절선물/귀향비나의 커리어 첫 시작자율근무제도이전멈춤다음진행중 채용공고 1건 >설립일                            2020년 06월 17일                                (업력 2년)대표자명이미정업종영화, 비디오물 및 방송프로그램 제작 관련 서비스업재무정보매출액 2500만원▲영업이익 10.5만원▲(2020년 기준)전체기업주소인천 부평구 부평대로 293, 1009호채용중 문화사업기획 및 웹(드라마.예능) 콘텐츠 마케팅 정규직 채 인천 부평구 경력무관 초대졸↑ 상시채용입사지원"
,"(주)집쇼코리아관심기업 등록관심기업 등록휴식시간 필요해요커피는 회사가 쏜다사내 카페 보유 기업주차 고민은 끝!나의 커리어 첫 시작이전멈춤다음진행중 채용공고 2건 >설립일                            2019년 06월 04일                                (업력 3년)대표자명홍상용업종그 외 기타 정보 서비스업재무정보매출액 4억원▲(2020년 기준)전체기업주소인천 부평구 부평대로 293, 인천콘텐츠기업육성센터 908호채용중 2022년 웹디자이너 정규직 신입·경력 모집 인천 부평구 경력무관 초대졸↑ ~ 05/25(수)입사지원 채용중 백엔드개발자 경력사원 채용합니다(정규직) 서울 광진구 경력 1~2년 학력무관 ~ 05/07(토)입사지원"
,"(주)키움관심기업 등록관심기업 등록나의 커리어 첫 시작설립일                            2011년 11월 09일                                (업력 11년)대표자명방교진업종임시 및 일용 인력 공급업재무정보매출액 20억원▲(2018년 기준)전체평균연봉2500만원▲                                                            (2018년 기준)전체기업주소인천 부평구 부평대로 293, 12층 1214호(주)키움관심기업 등록관심기업 등록나의 커리어 첫 시작설립일                            2016년 03월 16일                                (업력 6년)대표자명손선이업종부동산 중개 및 대리업재무정보매출액 20억원▲(2021년 기준)전체평균연봉4000만원▲                                                            (2021년 기준)전체기업주소세종 나성북1로 51, 901동 48층 1호(주)키움관심기업 등록관심기업 등록나의 커리어 첫 시작진행중 채용공고 1건 >설립일                            2021년 05월 26일                                (업력 1년)대표자명김민상업종그 외 기타 분류 안된 사업지원 서비스업기업주소경기 안양시 동안구 갈산로44번길 28, 1층채용중 2022 상반기 사무직 경력무관 모집 공고 경기 안양시 동안구 경력무관 학력무관 ~ 05/07(토)입사지원 키움(주)관심기업 등록관심기업 등록나의 커리어 첫 시작설립일                            2016년 07월 06일                                (업력 6년)대표자명김정균업종비주거용 건물 개발 및 공급업재무정보매출액 30억원▲영업이익 5000만원▲(2019년 기준)전체기업주소경기 용인시 수지구 광교중앙로 301, 502호(주)키움관심기업 등록관심기업 등록나의 커리어 첫 시작설립일                            2015년 10월 19일                                (업력 7년)대표자명김종원업종부동산 중개 및 대리업재무정보매출액 25억원▲영업이익 10억원▲(2021년 기준)전체기업주소인천 연수구 송도과학로 32, 3001-8호(주)키움관심기업 등록관심기업 등록영업이익★급 중소기업나의 커리어 첫 시작이전멈춤다음설립일                            2013년 07월 15일                                (업력 9년)대표자명이탄업종기타 교육지원 서비스업재무정보매출액 900만원▲영업이익 775.1만원▲(2018년 기준)전체기업주소전북 전주시 덕진구 어은골1길 12-11, 1층(주)키움관심기업 등록관심기업 등록나의 커리어 첫 시작설립일                            2011년 01월 07일                                (업력 11년)대표자명이원희업종건어물 및 젓갈류 도매업재무정보매출액 1억원▲영업이익 626.4만원▲(2015년 기준)전체기업주소전남 담양군 금성면 병목로 41(주)키움관심기업 등록관심기업 등록나의 커리어 첫 시작설립일                            2014년 06월 10일                                (업력 8년)대표자명김성덕업종그 외 기타 생활용품 도매업재무정보매출액 10억원▲(2018년 기준)전체평균연봉2000만원▲                                                            (2018년 기준)전체기업주소경기 수원시 장안구 장안로 54, 3층(주)키움관심기업 등록관심기업 등록영업이익★급 중소기업나의 커리어 첫 시작이전멈춤다음설립일                            2012년 08월 06일                                (업력 10년)대표자명정대준업종부동산 중개 및 대리업재무정보매출액 7억원▲영업이익 4억원▲(2019년 기준)전체평균연봉2500만원▲                                                            (2019년 기준)전체기업주소경기 성남시 분당구 성남대로916번길 11, 504호(주)키움관심기업 등록관심기업 등록나의 커리어 첫 시작설립일                            2014년 07월 15일                                (업력 8년)대표자명정상국업종동력식 수지공구 제조업재무정보매출액 12억원▲영업이익 5000만원▲(2020년 기준)전체평균연봉4000만원▲                                                            (2020년 기준)전체기업주소경남 김해시 진영읍 서부로38번길 83-16(주)키움관심기업 등록관심기업 등록나의 커리어 첫 시작설립일                            2018년 08월 22일                                (업력 4년)대표자명김갑종업종부동산 중개 및 대리업재무정보매출액 2500만원▲(2020년 기준)전체기업주소경기 평택시 현신6길 64-5, 102호(주)키움관심기업 등록관심기업 등록나의 커리어 첫 시작설립일                            2021년 07월 15일                                (업력 1년)대표자명권혁달업종기타 건축용 플라스틱 조립제품 제조업기업주소대구 달성군 논공읍 달성군청로 8, 104호(주)키움관심기업 등록관심기업 등록나의 커리어 첫 시작설립일                            2013년 11월 13일                                (업력 9년)대표자명심재숙업종비주거용 건물 개발 및 공급업재무정보매출액 190억원▲영업이익 45억원▲(2016년 기준)전체기업주소광주 동구 독립로368번길 22, 1층(주)키움관심기업 등록관심기업 등록나의 커리어 첫 시작설립일                            2021년 01월 20일                                (업력 1년)대표자명최연희업종일반 통신 공사업재무정보매출액 2억원▲영업이익 2500만원▲(2021년 기준)전체기업주소경기 여주시 도예로 50-1키움(주)관심기업 등록관심기업 등록나의 커리어 첫 시작설립일                            2011년 07월 11일                                (업력 11년)대표자명황효찬업종부동산 중개 및 대리업기업주소경북 구미시 산책길 7, 207동 201호(주)키움관심기업 등록관심기업 등록나의 커리어 첫 시작설립일                            2020년 12월 30일                                (업력 2년)대표자명장민관업종기타 부동산 임대업기업주소전남 여수시 망양로 1264키움증권(주)관심기업 등록관심기업 등록서울에 있는 대기업코시국에 건강챙겨요!사람인1000대기업안전보장! 코스피상장채용중 상장기업@서울자기계발비 지원 기업금융지식 필수!사내 어린이집 운영명절선물/귀향비코스피 상장기업@서울이전멈춤다음진행중 채용공고 2건 >설립일                            2000년 01월 31일                                (업력 22년)대표자명황현순업종증권 중개업기업주소서울 영등포구 여의나루로4길 18합격자료면접질문･후기                                    2건채용중 ICT본부 정보보안팀 경력직 채용 서울 영등포구 경력3년↑ 대졸↑ 채용시입사지원 채용중 리테일총괄본부 경력직 채용 서울 영등포구 경력 대졸↑ 채용시입사지원 (주)키움예스저축은행관심기업 등록관심기업 등록직원대출제도 운영기업코시국에 건강챙겨요!금융지식 필수!이전멈춤다음진행중 채용공고 1건 >대표자명임경호업종상호저축은행 및 기타 저축기관재무정보매출액 700억원▲영업이익 220억원▲(2021년 기준)전체기업주소서울 강남구 논현로 422, 2층채용중 키움YES저축은행 각 부문 신입/경력 채용 서울 강남구 신입·경력 학력무관 ~ 05/01(일)입사지원 키움투자자산운용(주)관심기업 등록관심기업 등록평균 연봉 육천만원!외국기업의 매력직장인의꿈★평균연봉이전멈춤다음진행중 채용공고 1건 >설립일                            1988년 03월 26일                                (업력 34년)대표자명김성훈업종신탁업 및 집합투자업재무정보매출액 800억원▲영업이익 350억원▲(2020년 기준)전체평균연봉6500만원▲                                                            (2020년 기준)전체기업주소서울 영등포구 여의나루로4길 18채용중 [키움투자자산운용] 전략기획팀 팀원 모집 (신입/경력) 서울 영등포구 경력무관 대졸↑ ~ 05/01(일)홈페이지 지원 (주)키움저축은행관심기업 등록관심기업 등록대표자명허흥범업종상호저축은행 및 기타 저축기관재무정보매출액 1000억원▲영업이익 350억원▲(2021년 기준)전체기업주소경기 부천시 부천로 157"
,"(주)트리플관심기업 등록관심기업 등록IT통신업종★스타트업신입인데 연봉사천?평균 연봉 육천만원!직장인의꿈★평균연봉스타트업의 매력★나의 커리어 첫 시작이전멈춤다음진행중 채용공고 2건 >설립일                            2016년 01월 11일                                (업력 6년)대표자명김연정/최휘영업종포털 및 기타 인터넷 정보매개 서비스업재무정보매출액 9억원▲(2021년 기준)전체평균연봉6500만원▲                                                            (2021년 기준)전체기업주소경기 성남시 분당구 판교역로14번길 16, , 2,3층채용중 [트리플] 타이완 서비스 운영자 경기 성남시 분당구 신입·경력 학력무관 채용시입사지원 채용중 [트리플]  투어&액티비티 상품 MD 경기 성남시 분당구 경력3년↑ 학력무관 채용시입사지원 (주)트리플관심기업 등록관심기업 등록정시 퇴근 보장!웰컴키트 지급 기업간식제공 복지 기업!휴식시간 필요해요자유 복장 기업 모음커피는 회사가 쏜다야근 눈치 보지마요사내 카페 보유 기업회식/야근 멈춰!명절선물/귀향비나의 커리어 첫 시작이전멈춤다음진행중 채용공고 2건 >설립일                            2016년 03월 18일                                (업력 6년)대표자명박성민업종전시, 컨벤션 및 행사 대행업평균연봉3500만원▲                                                        전체기업주소인천 부평구 부평대로 293, 10층 1024호채용중 유니티3D , 언리얼  프로그래머 (신입,경력) 인천 부평구 경력무관 초대졸↑ ~ 05/29(일)입사지원 채용중 JAVA 프로그래머 모집  (신입,경력) 내일채움공제 가능 인천 부평구 신입·경력 초대졸↑ ~ 05/29(일)입사지원 (주)트리플관심기업 등록관심기업 등록나의 커리어 첫 시작설립일                            2011년 03월 29일                                (업력 11년)대표자명유재철업종그 외 기타 일반목적용 기계 제조업재무정보매출액 15억원▲영업이익 1억원▲(2021년 기준)전체기업주소경북 구미시 형곡로 39, 301호(주)트리플관심기업 등록관심기업 등록코시국에 건강챙겨요!야근 눈치 보지마요주차 고민은 끝!회식/야근 멈춰!나의 커리어 첫 시작이전멈춤다음설립일                            2009년 06월 29일                                (업력 13년)대표자명정주호업종생활용 가구 도매업재무정보매출액 50억원▲영업이익 1억원▲(2016년 기준)전체평균연봉3500만원▲                                                            (2016년 기준)전체기업주소서울 구로구 경인로 164, 5층(주)트리플관심기업 등록관심기업 등록나의 커리어 첫 시작설립일                            2010년 11월 29일                                (업력 12년)대표자명박종길업종금속 절삭기계 제조업재무정보매출액 5000만원▲(2020년 기준)전체기업주소대전 유성구 대덕대로 530, 바동 315호(주)트리플관심기업 등록관심기업 등록나의 커리어 첫 시작설립일                            2018년 02월 13일                                (업력 4년)대표자명허미경업종비주거용 건물 개발 및 공급업재무정보매출액 7500만원▲영업이익 1000만원▲(2018년 기준)전체기업주소대구 서구 서대구로3길 39-3(주)트리플관심기업 등록관심기업 등록나의 커리어 첫 시작설립일                            2021년 10월 14일                                (업력 1년)대표자명김창겸업종육류 도매업기업주소충북 청주시 흥덕구 오송읍 봉산2길 24-9, 203호(주)트리플나인홀딩스관심기업 등록관심기업 등록나의 커리어 첫 시작진행중 채용공고 9건 >설립일                            2020년 12월 21일                                (업력 2년)대표자명김소영/엄진원업종경영 컨설팅업기업주소서울 강남구 언주로30길 13, C동 4층 402호채용중 [제이스톡] 온라인 마케팅 담당자 모집-입사축하금 지급 서울 강남구 경력 1~10년 학력무관 ~ 05/26(목)입사지원 채용중 서비스 기획 운영 및 마케팅 서울 강남구 경력무관 학력무관 ~ 05/19(목)입사지원 채용중 경리·회계 모집 서울 강남구 경력1년↑ 학력무관 ~ 05/06(금)입사지원 채용중 UI/UX 디자이너 경력 서울 강남구 경력2년↑ 학력무관 ~ 05/05(목)입사지원 채용중 [연봉 1억-1억2천] 백엔드 채용(경력 5년이상)  서울전체 경력 5~20년 학력무관 상시채용입사지원 채용중 [입사축하금] 웹 크롤러 채용 - 주거안정비 지원  서울전체 경력 3~15년 학력무관 ~ 05/13(금)입사지원 채용중 [입사축하금 300만원] iOS 개발자 채용-주거안정비 지원  서울전체 경력 3~15년 학력무관 상시채용입사지원 채용중 [입사축하금 300만원] 프론트엔드 및 웹개발 - 주거안정비 지원  서울전체 경력 3~15년 학력무관 ~ 05/13(금)입사지원 채용중 [입사축하금] 어플리케이션 PM(프로젝트매니저)-주거안정비 지급 서울 강남구 경력2년↑ 학력무관 ~ 05/13(금)입사지원 (주)트리플하이엠관심기업 등록관심기업 등록대세는 문화 회식!슬기로운 육아휴직기업남성출산휴가 기업!일하기 좋은in서울코시국에 건강챙겨요!휴식시간 필요해요자유 복장 기업 모음커피는 회사가 쏜다사내 카페 보유 기업나의 커리어 첫 시작이전멈춤다음진행중 채용공고 5건 >설립일                            2004년 10월 01일                                (업력 18년)대표자명박혁업종광고 대행업재무정보매출액 200억원▲영업이익 5억원▲(2021년 기준)전체평균연봉4000만원▲                                                            (2021년 기준)전체기업주소서울 금천구 디지털로 121, 10층채용중 [전략기획본부] 경영진 비서 채용 서울 금천구 신입·경력 초대졸↑ ~ 05/01(일)입사지원 채용중 [광고사업3부문] 온라인광고 AE 경력직 채용 (화상 면접 가능) 서울 금천구 경력1년↑ 초대졸↑ ~ 05/01(일)채용 홈페이지 채용중 [트리플하이엠 광고사업부문] 디지털마케터(AE) 경력 채용 서울 금천구 경력1년↑ 초대졸↑ ~ 05/01(일)채용 홈페이지 채용중 [광고사업1부문] 온라인광고 AE 포지션 팀장급, PM급 인력 채용 서울 금천구 경력 1~10년 초대졸↑ ~ 05/01(일)채용 홈페이지 채용중 [신입/경력] 온라인 광고 영업 부문 채용 서울 금천구 경력무관 학력무관 ~ 05/05(목)채용 홈페이지 (주)트리플제이엔터관심기업 등록관심기업 등록어제 최다 조회수◐◐전월 최多클릭 기업나의 커리어 첫 시작이전멈춤다음설립일                            2020년 12월 14일                                (업력 2년)대표자명주성돈업종경영 컨설팅업기업주소서울 영등포구 여의대방로65길 6, 5층(주)트리플픽쳐스관심기업 등록관심기업 등록나의 커리어 첫 시작설립일                            2018년 04월 18일                                (업력 4년)대표자명강기명업종영화, 비디오물 및 방송프로그램 제작 관련 서비스업재무정보매출액 15억원▲영업이익 7500만원▲(2020년 기준)전체평균연봉3500만원▲                                                            (2020년 기준)전체기업주소서울 강남구 가로수길 18, 702호(주)익스트리플관심기업 등록관심기업 등록슬기로운 육아휴직기업학자금 지원 기업!편의시설이 아닌 인권배부른 퇴근길코시국에 건강챙겨요!자유 복장 기업 모음포상휴가를 주는 기업휴가비 지원 기업자기계발비 지원 기업월급을 사수하자!주차 고민은 끝!월급+보너스=행복2배Refresh 휴가회식/야근 멈춰!나의 커리어 첫 시작이전멈춤다음진행중 채용공고 3건 >설립일                            2009년 02월 24일                                (업력 13년)대표자명노진송업종응용 소프트웨어 개발 및 공급업재무정보매출액 30억원▲영업이익 3억원▲(2020년 기준)전체평균연봉4000만원▲                                                            (2020년 기준)전체기업주소경남 창원시 의창구 평산로 23, 401호 402호채용중 [경남/창원]  UI/UX, GUI, 그래픽 디자이너 모집 경남 창원시 경력무관 학력무관 ~ 05/13(금)입사지원 채용중 [경남/창원] 유니티 소프트웨어 개발자 모집 경남 창원시 경력무관 대졸↑ ~ 05/24(화)입사지원 채용중 (서울지사/광명지사/창원본사) Visual SLAM R&D 연구원 모집 경남 창원시 경력 석사↑ 상시채용입사지원 (주)트리플코어스코리아관심기업 등록관심기업 등록휴가비 지원 기업나의 커리어 첫 시작이전멈춤다음대표자명김익년업종반도체 제조용 기계 제조업재무정보매출액 220억원▲영업이익 50억원▲(2021년 기준)전체평균연봉4500만원▲                                                            (2021년 기준)전체기업주소경기 용인시 기흥구 기흥단지로141번길 46-8트리플콤마(주)관심기업 등록관심기업 등록연봉 인상 높은↗↗↗간식제공 복지 기업!수면실 보유 기업모음제품 직원할인 기업!휴식시간 필요해요커피는 회사가 쏜다야근 눈치 보지마요사내 카페 보유 기업회식/야근 멈춰!명절선물/귀향비장기근속수당제공 기업이전멈춤다음설립일                            2018년 10월 25일                                (업력 4년)대표자명천우영업종전자상거래 소매업재무정보매출액 45억원▲영업이익 6억원▲(2020년 기준)전체평균연봉5000만원▲                                                            (2020년 기준)전체기업주소서울 강남구 테헤란로 518, 위워크 삼성역 2호점 13층(주)트리플크라운인터내셔날관심기업 등록관심기업 등록휴식시간 필요해요커피는 회사가 쏜다사내 카페 보유 기업월급+보너스=행복2배장기근속수당제공 기업나의 커리어 첫 시작이전멈춤다음진행중 채용공고 1건 >채용중 (주)트리플크라운인터내셔날 관리부 신입 및 경력직원 모집 서울 강서구 신입·경력 대졸↑ ~ 05/14(토)입사지원 (주)트리플에이컴퍼니관심기업 등록관심기업 등록연봉 인상 높은↗↗↗배부른 퇴근길월급을 사수하자!나의 커리어 첫 시작이전멈춤다음진행중 채용공고 1건 >설립일                            2015년 06월 08일                                (업력 7년)대표자명전운기업종경영 컨설팅업재무정보매출액 12억원▲영업이익 5000만원▲(2020년 기준)전체평균연봉4000만원▲                                                            (2020년 기준)전체기업주소서울 구로구 디지털로 288, 1906호채용중 운영지원팀 매장관리 SV 채용 경력 채용합니다 서울 구로구 경력 고졸↑ ~ 05/08(일)입사지원 (주)대경트리플관심기업 등록관심기업 등록야근 눈치 보지마요회식/야근 멈춰!나의 커리어 첫 시작이전멈춤다음설립일                            2009년 03월 19일                                (업력 13년)대표자명김옥이업종화학섬유직물 직조업재무정보매출액 90억원▲영업이익 1억원▲(2019년 기준)전체평균연봉3500만원▲                                                            (2019년 기준)전체기업주소대구 달서구 성서공단남로 146(주)온더트리플러스관심기업 등록관심기업 등록정시 퇴근 보장!야근 눈치 보지마요월급+보너스=행복2배Refresh 휴가회식/야근 멈춰!나의 커리어 첫 시작이전멈춤다음진행중 채용공고 2건 >설립일                            2020년 05월 25일                                (업력 2년)대표자명김완수업종광고 대행업기업주소서울 금천구 디지털로9길 99, 809호채용중 [워라벨실천기업]11번가/위메프/네이버쇼핑 온라인 광고 AE/AM 서울 금천구 경력무관 초대졸↑ ~ 05/05(목)입사지원 채용중 [워라벨실천기업]오픈마켓 광고 영업 및 광고 관리 마케터 채용 서울 금천구 경력무관 초대졸↑ 상시채용입사지원 (주)트리플비즈관심기업 등록관심기업 등록진행중 채용공고 3건 >대표자명남일현업종시설관리·경비·용역평균연봉2500만원▲                                                        전체기업주소인천 부평구 충선로203번길 40 C＆C로데오Ⅰ채용중 [ 핫플 - 카페 ] 본점 바리스타 사원 모집 서울 강남구 경력무관 학력무관 ~ 05/21(토)입사지원 채용중 [카페노티드] 직영매장 바리스타 모집 경기 수원시 영통구 경력무관 학력무관 ~ 05/03(화)입사지원 채용중 [ 핫플 - 카페 ] 각 파트별 사원 모집 서울 강남구 경력무관 학력무관 오늘마감입사지원 트리플에스리더관심기업 등록관심기업 등록진행중 채용공고 1건 >대표자명허필회업종시설관리·경비·용역평균연봉4500만원▲                                                        전체기업주소서울 강서구 양천로 551-17채용중 영업관리직 신입, 경력 채용 - 정규직 서울 강서구 경력무관 고졸↑ 채용시입사지원"
,"(주)메가커머스관심기업 등록관심기업 등록인기 채용기업@인천나의 커리어 첫 시작이전멈춤다음진행중 채용공고 1건 >설립일                            2020년 07월 02일                                (업력 2년)대표자명김경민업종근무복, 작업복 및 유사의복 제조업재무정보매출액 3억원▲영업이익 1억원▲(2020년 기준)전체기업주소인천 부평구 부평대로 293, 8층 804호채용중 경영지원팀/영업지원/온라인&오프라인 매출관리/구매'물류관리/ 인천 부평구 경력무관 고졸↑ ~ 06/26(일)입사지원 (주)메가커머스네트웍스관심기업 등록관심기업 등록나의 커리어 첫 시작설립일                            2006년 01월 09일                                (업력 16년)대표자명허극업종경영 컨설팅업기업주소서울 강남구 논현로2길 33, 1층"
,"(주)인터랙트관심기업 등록관심기업 등록나의 커리어 첫 시작진행중 채용공고 1건 >설립일                            2019년 03월 21일                                (업력 3년)대표자명권남혁업종시스템 소프트웨어 개발 및 공급업재무정보매출액 6억원▲영업이익 728.8만원▲(2020년 기준)전체평균연봉5000만원▲                                                            (2020년 기준)전체기업주소인천 부평구 부평대로 293, 1008호채용중 XR 교육훈련 시스템 부문 사업기획 신입&경력자 채용 서울 금천구 경력무관 학력무관 ~ 05/10(화)입사지원 휴인터랙트관심기업 등록관심기업 등록나의 커리어 첫 시작대표자명이현영업종그 외 기타 분류 안된 교육기관기업주소경기 성남시 분당구 미금로22번길 10, 1202동 806호"
,"고산정밀관심기업 등록관심기업 등록나의 커리어 첫 시작대표자명임정택업종주형 및 금형 제조업기업주소경기 부천시 성주로 12, 3층"
,"광원전기(주)관심기업 등록관심기업 등록나의 커리어 첫 시작설립일                            1987년 07월 06일                                (업력 35년)대표자명이수범업종전기용 기계ㆍ장비 및 관련 기자재 도매업재무정보매출액 350억원▲영업이익 12억원▲(2017년 기준)전체평균연봉4000만원▲                                                            (2017년 기준)전체기업주소서울 구로구 경인로53길 15, 나동 1529호글람(주)관심기업 등록관심기업 등록코시국에 건강챙겨요!단체상해보험 기업!휴식시간 필요해요포상휴가를 주는 기업집 고민 덜어주는!자격증수당제공 기업!플레이샵 지원 기업!주차 고민은 끝!명절선물/귀향비나의 커리어 첫 시작이전멈춤다음설립일                            2005년 05월 26일                                (업력 17년)대표자명김경래업종전시 및 광고용 조명장치 제조업평균연봉4000만원▲                                                        전체기업주소경기 평택시 청북읍 청북중앙로 298-42광원전기관심기업 등록관심기업 등록나의 커리어 첫 시작대표자명변흥열업종배전반 및 전기 자동제어반 제조업재무정보매출액 15억원▲영업이익 5억원▲(2020년 기준)전체기업주소경북 칠곡군 왜관읍 3산업단지5길 65광원전기관심기업 등록관심기업 등록나의 커리어 첫 시작대표자명강태종업종전기 공급 및 제어장치 제조업기업주소경북 포항시 남구 오천읍 162-25번지광원전기관심기업 등록관심기업 등록나의 커리어 첫 시작대표자명이성준업종전구 및 조명장치 제조업기업주소인천 부평구 청천동  425 우림라이온스 B동408-B호광원전기관심기업 등록관심기업 등록나의 커리어 첫 시작대표자명손용화업종건물설비 설치 공사업기업주소강원 홍천군 화촌면 성산로123번길 9광원전기조명마트관심기업 등록관심기업 등록나의 커리어 첫 시작대표자명김광원업종전기용품 및 조명장치 소매업기업주소부산 영도구 동삼로 46, 상가동 1호광원전기안전관리관심기업 등록관심기업 등록대표자명전기남외업종전기·전자·제어광원전기엔지니어링관심기업 등록관심기업 등록나의 커리어 첫 시작대표자명고명희업종전기용품 및 조명장치 소매업기업주소전북 군산시 백토로 117, 504동 702호"
,"대원전기(주)관심기업 등록관심기업 등록슬기로운 육아휴직기업남성출산휴가 기업!구내식당 복지 기업!코시국에 건강챙겨요!자유 복장 기업 모음월급을 사수하자!나의 커리어 첫 시작이전멈춤다음진행중 채용공고 6건 >대표자명권세원업종일반전기 공사업재무정보매출액 200억원▲영업이익 5억원▲(2021년 기준)전체평균연봉4500만원▲                                                            (2021년 기준)전체기업주소충북 청주시 청원구 북이면 대율내추길 307채용중 전기/통신 현장기술직 모집 충북 청주시 청원구 신입 학력무관 ~ 05/10(화)입사지원 채용중 생산직 및 지게차운전직 모집 공고 충북 청주시 청원구 경력무관 학력무관 ~ 05/04(수)입사지원 채용중 (주)대원전기교육원 교사 모집 공고 충북 증평군 경력무관 학력무관 ~ 05/20(금)입사지원 채용중 생산직 및 지게차운전직 모집 공고 충북 청주시 청원구 경력무관 학력무관 ~ 05/20(금)입사지원 채용중 대원전기(주) 각 사업부 직원 모집 충북 증평군 경력무관 학력무관 ~ 05/08(일)입사지원 채용중 대원전기(주) 전기/통신 현장기술직 모집 충북 청주시 청원구 신입 학력무관 ~ 05/07(토)입사지원 (주)대원전기관심기업 등록관심기업 등록나의 커리어 첫 시작설립일                            2013년 12월 24일                                (업력 9년)대표자명이석수업종전기용 기계ㆍ장비 및 관련 기자재 도매업재무정보매출액 25억원▲영업이익 1억원▲(2018년 기준)전체기업주소대구 달서구 와룡로49길 80-6(주)대원전기관심기업 등록관심기업 등록연봉 인상 높은↗↗↗간식제공 복지 기업!코시국에 건강챙겨요!포상휴가를 주는 기업야근 눈치 보지마요주차 고민은 끝!회식/야근 멈춰!명절선물/귀향비나의 커리어 첫 시작이전멈춤다음대표자명서정환업종일반전기 공사업평균연봉4500만원▲                                                        전체기업주소경기 광명시 호봉골길 14-1대원전기(주)관심기업 등록관심기업 등록나의 커리어 첫 시작설립일                            2009년 07월 02일                                (업력 13년)대표자명표대열업종전기용 기계ㆍ장비 및 관련 기자재 도매업재무정보매출액 4억원▲영업이익 1000만원▲(2020년 기준)전체기업주소경기 수원시 장안구 장안로30번길 20-2(주)대원전기관심기업 등록관심기업 등록나의 커리어 첫 시작설립일                            2016년 05월 25일                                (업력 6년)대표자명조경자업종일반전기 공사업재무정보매출액 12억원▲영업이익 2500만원▲(2019년 기준)전체평균연봉4000만원▲                                                            (2019년 기준)전체기업주소경남 창원시 진해구 이동로68번길 5대원전기(주)관심기업 등록관심기업 등록나의 커리어 첫 시작설립일                            2006년 01월 16일                                (업력 16년)대표자명윤기삼업종일반전기 공사업재무정보매출액 9억원▲영업이익 2억원▲(2019년 기준)전체평균연봉3500만원▲                                                            (2019년 기준)전체기업주소강원 영월군 영월읍 중앙로 168-5(주)대원전기관심기업 등록관심기업 등록나의 커리어 첫 시작설립일                            2018년 10월 18일                                (업력 4년)대표자명서정복업종일반전기 공사업평균연봉3500만원▲                                                        전체기업주소경기도 안양시 동안구 엘에스로 92, 5동 307호 (호계동,안양국제유통단지)(주)대원전기관심기업 등록관심기업 등록나의 커리어 첫 시작설립일                            2019년 09월 23일                                (업력 3년)대표자명허대구업종배관 및 냉ㆍ난방 공사업재무정보매출액 4억원▲영업이익 2500만원▲(2020년 기준)전체평균연봉2500만원▲                                                            (2020년 기준)전체기업주소경북 구미시 금오산로3길 10, 3층(주)대원전기관심기업 등록관심기업 등록나의 커리어 첫 시작설립일                            2013년 07월 29일                                (업력 9년)대표자명이춘임업종일반전기 공사업평균연봉3000만원▲                                                        전체기업주소경남 통영시 광도면 용호로 12-92(주)대원전기관심기업 등록관심기업 등록연봉 인상 높은↗↗↗나의 커리어 첫 시작이전멈춤다음설립일                            2007년 08월 01일                                (업력 15년)대표자명한홍진업종절연 코드세트 및 기타 도체 제조업평균연봉4000만원▲                                                        전체기업주소경기 부천시 삼작로154번길 11(유)대원전기관심기업 등록관심기업 등록나의 커리어 첫 시작설립일                            2014년 08월 28일                                (업력 8년)대표자명김복원업종기타 기술 시험, 검사 및 분석업재무정보매출액 6억원▲영업이익 1억원▲(2020년 기준)전체평균연봉3000만원▲                                                            (2020년 기준)전체기업주소광주 남구 광복마을5길 21(주)대원전기관심기업 등록관심기업 등록나의 커리어 첫 시작대표자명김성기업종일반전기 공사업재무정보매출액 35억원▲영업이익 7억원▲(2017년 기준)전체평균연봉4500만원▲                                                            (2017년 기준)전체기업주소경남 거제시 동문천로 10대원전기(주)관심기업 등록관심기업 등록나의 커리어 첫 시작설립일                            2021년 06월 07일                                (업력 1년)대표자명최춘실업종일반전기 공사업기업주소충남 당진시 정미면 산동로 497(주)대원전기교육원관심기업 등록관심기업 등록나의 커리어 첫 시작설립일                            2013년 07월 26일                                (업력 9년)대표자명권신원업종기타 기술 및 직업훈련학원재무정보매출액 50억원▲영업이익 1000만원▲(2020년 기준)전체평균연봉4500만원▲                                                            (2020년 기준)전체기업주소충북 증평군 증평읍 초평로 1801-17(주)대원기전관심기업 등록관심기업 등록연봉 인상 높은↗↗↗나의 커리어 첫 시작이전멈춤다음설립일                            2001년 01월 31일                                (업력 21년)대표자명김인대업종배전반 및 전기 자동제어반 제조업재무정보매출액 120억원▲영업이익 1억원▲(2021년 기준)전체평균연봉4500만원▲                                                            (2021년 기준)전체기업주소경남 창원시 의창구 창원대로363번길 11(주)대원엘파관심기업 등록관심기업 등록나의 커리어 첫 시작설립일                            2002년 01월 11일                                (업력 20년)대표자명전덕진업종배전반 및 전기 자동제어반 제조업재무정보매출액 20억원▲영업이익 2억원▲(2020년 기준)전체평균연봉4000만원▲                                                            (2020년 기준)전체기업주소부산 북구 만덕3로 38대원전기안전(주)관심기업 등록관심기업 등록나의 커리어 첫 시작설립일                            2005년 11월 16일                                (업력 17년)대표자명김두일업종기타 엔지니어링 서비스업재무정보매출액 6억원▲(2020년 기준)전체평균연봉3000만원▲                                                            (2020년 기준)전체기업주소충남 당진시 정미면 산동로 497(주)대원전기산업관심기업 등록관심기업 등록나의 커리어 첫 시작대표자명홍병문업종배전반 및 전기 자동제어반 제조업재무정보매출액 3억원▲(2018년 기준)전체평균연봉2500만원▲                                                            (2018년 기준)전체기업주소경북 구미시 수출대로 167-22(주)대원전기관리관심기업 등록관심기업 등록나의 커리어 첫 시작대표자명심영택업종전지 및 케이블 도매업평균연봉3000만원▲                                                        전체기업주소경기 성남시 분당구 돌마로 906, 상가 110호대원전기관리(주)관심기업 등록관심기업 등록나의 커리어 첫 시작설립일                            2011년 12월 06일                                (업력 11년)대표자명박문섭업종기타 엔지니어링 서비스업재무정보매출액 5억원▲영업이익 897.7만원▲(2019년 기준)전체평균연봉3000만원▲                                                            (2019년 기준)전체기업주소대전 대덕구 오정로 7"
,"(주)대신저축은행관심기업 등록관심기업 등록중견중소X알짜기업나의 커리어 첫 시작이전멈춤다음진행중 채용공고 2건 >설립일                            2011년 08월 05일                                (업력 11년)대표자명박경제업종상호저축은행 및 기타 저축기관재무정보매출액 1000억원▲영업이익 300억원▲(2021년 기준)전체기업주소서울 중구 삼일대로 343채용중 [대신저축은행] 뱅킹업무 IT운영 경력 모집 서울 중구 경력1년↑ 초대졸↑ ~ 06/12(일)입사지원 채용중 [대신저축은행] 각 부문별 경력직 수시채용 서울 중구 경력1년↑ 초대졸↑ 상시채용입사지원 대신자산신탁(주)관심기업 등록관심기업 등록깜짝! 업계신흥강자신입인데 연봉사천?평균 연봉 육천만원!직장인의꿈★평균연봉나의 커리어 첫 시작이전멈춤다음설립일                            2019년 05월 30일                                (업력 3년)대표자명김철종업종신탁업 및 집합투자업재무정보매출액 200억원▲영업이익 50억원▲(2021년 기준)전체평균연봉7000만원▲                                                            (2021년 기준)전체기업주소서울 중구 삼일대로 343(주)디에스리조트컴퍼니관심기업 등록관심기업 등록나의 커리어 첫 시작진행중 채용공고 2건 >설립일                            2021년 07월 23일                                (업력 1년)대표자명이대광업종그 외 기타 숙박업기업주소제주 서귀포시 안덕면 화순중앙로124번길 75채용중 와이리조트 관리팀 총무 신입/경력 사원 모집 제주 서귀포시 경력무관 학력무관 ~ 05/20(금)입사지원 채용중 와이리조트 프론트 신입/경력 사원 모집 제주 서귀포시 경력무관 학력무관 ~ 05/20(금)입사지원 (주)가온디에스컴퍼니관심기업 등록관심기업 등록휴식시간 필요해요커피는 회사가 쏜다사내 카페 보유 기업월급+보너스=행복2배나의 커리어 첫 시작이전멈춤다음진행중 채용공고 1건 >설립일                            2014년 10월 16일                                (업력 8년)대표자명이상현업종그 외 기타 분류 안된 사업지원 서비스업재무정보매출액 6억원▲(2019년 기준)전체평균연봉4000만원▲                                                            (2019년 기준)전체기업주소경기 화성시 동탄순환대로20길 124, A동 212호채용중 분양대행사 -경리(사무보조)직원모집 경기 성남시 수정구 경력1년↑ 학력무관 ~ 05/20(금)입사지원 (주)디에스컴퍼니관심기업 등록관심기업 등록나의 커리어 첫 시작설립일                            2017년 11월 16일                                (업력 5년)대표자명김민우업종속옷 및 잠옷 소매업재무정보매출액 90억원▲영업이익 6억원▲(2020년 기준)전체평균연봉3500만원▲                                                            (2020년 기준)전체기업주소경기 용인시 기흥구 중부대로 64, B동 2층 78호,79호(주)디에스컴퍼니관심기업 등록관심기업 등록주차 고민은 끝!나의 커리어 첫 시작이전멈춤다음설립일                            2015년 06월 10일                                (업력 7년)대표자명남성현업종속옷 및 잠옷 제조업재무정보매출액 35억원▲영업이익 2억원▲(2021년 기준)전체평균연봉3000만원▲                                                            (2021년 기준)전체기업주소경기 양주시 칠봉산로321번길 160(주)디에스원관심기업 등록관심기업 등록정시 퇴근 보장!구내식당 복지 기업!간식제공 복지 기업!자유 복장 기업 모음휴가비 지원 기업야근 눈치 보지마요자기계발비 지원 기업월급을 사수하자!주차 고민은 끝!월급+보너스=행복2배회식/야근 멈춰!명절선물/귀향비나의 커리어 첫 시작이전멈춤다음진행중 채용공고 1건 >설립일                            2020년 10월 14일                                (업력 2년)대표자명정진섭업종기타 산업용 기계 및 장비 도매업재무정보매출액 4억원▲영업이익 1000만원▲(2020년 기준)전체기업주소경기 용인시 기흥구 중부대로 198, 1층채용중 2022년 물류팀 쇼핑몰 포장 및 재고관리 경기 용인시 기흥구 경력무관 학력무관 ~ 05/27(금)입사지원 (주)디에스트레이딩컴퍼니관심기업 등록관심기업 등록나의 커리어 첫 시작설립일                            2019년 12월 02일                                (업력 3년)대표자명임기욱업종남녀용 겉옷 및 셔츠 도매업평균연봉2500만원▲                                                        전체기업주소서울 성북구 고려대로7가길 6, 지하1층(주)디에스홀딩스컴퍼니관심기업 등록관심기업 등록나의 커리어 첫 시작설립일                            2019년 05월 02일                                (업력 3년)대표자명한성용업종경영 컨설팅업평균연봉4000만원▲                                                        전체기업주소서울 서초구 홍씨마을길 26(주)디에스패션컴퍼니관심기업 등록관심기업 등록나의 커리어 첫 시작설립일                            2018년 10월 22일                                (업력 4년)대표자명권도형업종남녀용 겉옷 및 셔츠 도매업평균연봉3000만원▲                                                        전체기업주소서울 용산구 독서당로 81, 1층주식회사 디에스컴퍼니관심기업 등록관심기업 등록설립일                            2020년 11월 01일                                (업력 2년)대표자명이달형업종반도체·광학·LCD기업주소충북 청주시 청원구 새터로 146(주)디에스엠컴퍼니관심기업 등록관심기업 등록나의 커리어 첫 시작설립일                            2004년 07월 27일                                (업력 18년)대표자명이성원/이화원업종자동차용 신품 조향장치 및 현가 장치 제조업재무정보매출액 15억원▲(2015년 기준)전체평균연봉4000만원▲                                                            (2015년 기준)전체기업주소대구 달서구 성서공단북로69길 40(주)디에스와이컴퍼니관심기업 등록관심기업 등록나의 커리어 첫 시작설립일                            2019년 11월 21일                                (업력 3년)대표자명홍다혜업종커피 전문점재무정보매출액 1000만원▲(2019년 기준)전체기업주소서울 성북구 서경로 60, 상가동 지하 108호(주)디에스컴퍼니관심기업 등록관심기업 등록나의 커리어 첫 시작설립일                            2017년 01월 23일                                (업력 5년)대표자명원상호업종물질 검사, 측정 및 분석기구 제조업기업주소경기 화성시 향남읍 발안로 812, B동 103호(주)디에스컴퍼니관심기업 등록관심기업 등록영업이익★급 중소기업나의 커리어 첫 시작이전멈춤다음설립일                            2012년 10월 31일                                (업력 10년)대표자명정종훈업종가정용 전기 난방기기 제조업재무정보매출액 2500만원▲영업이익 1000만원▲(2019년 기준)전체기업주소경기 양주시 은현면 그루고개로 388(주)디에스컴퍼니관심기업 등록관심기업 등록나의 커리어 첫 시작설립일                            2016년 10월 12일                                (업력 6년)대표자명이종민업종전기용 기계ㆍ장비 및 관련 기자재 도매업기업주소부산 수영구 남천동로 41, 103동 301호(유)디에스컴퍼니관심기업 등록관심기업 등록나의 커리어 첫 시작설립일                            2019년 07월 23일                                (업력 3년)대표자명김동성업종경비 및 경호 서비스업기업주소충남 금산군 금산읍 인삼광장로 48(주)디에스컴퍼니관심기업 등록관심기업 등록나의 커리어 첫 시작설립일                            2016년 07월 13일                                (업력 6년)대표자명하재춘업종교육관련 자문 및 평가업기업주소경기 남양주시 다산중앙로123번길 22-30, 317호(주)디에스앤컴퍼니관심기업 등록관심기업 등록대표자명이동성업종판매(상품품목별)기업주소서울 중구 신당동 디오트 3F-D4(주)디에스엠컴퍼니관심기업 등록관심기업 등록나의 커리어 첫 시작설립일                            2019년 06월 25일                                (업력 3년)대표자명김승용업종기타 부동산 임대업기업주소경기 용인시 기흥구 동백중앙로 191, G동 8층 832호"
,"미산테크관심기업 등록관심기업 등록나의 커리어 첫 시작업종전자부품, 컴퓨터, 영상, 음향 및 통신장비 제조업기업주소경기 수원시 권선구 오목천로152번길 40미산테크놀로지관심기업 등록관심기업 등록나의 커리어 첫 시작업종전자부품, 컴퓨터, 영상, 음향 및 통신장비 제조업기업주소경기 부천시 중동로279번길 22"
,"(주)씨앤피테크관심기업 등록관심기업 등록나의 커리어 첫 시작설립일                            2013년 12월 13일                                (업력 9년)대표자명이창진업종그 외 기타 플라스틱 제품 제조업재무정보매출액 25억원▲영업이익 7500만원▲(2018년 기준)전체평균연봉4000만원▲                                                            (2018년 기준)전체기업주소경기 화성시 우정읍 쌍봉로 382-12(주)씨앤피테크관심기업 등록관심기업 등록코시국에 건강챙겨요!나의 커리어 첫 시작이전멈춤다음설립일                            2011년 12월 21일                                (업력 11년)대표자명제해동업종통신ㆍ방송장비 및 부품 도매업재무정보매출액 20억원▲영업이익 5000만원▲(2021년 기준)전체평균연봉3500만원▲                                                            (2021년 기준)전체기업주소서울 서초구 동산로15길 7, 5층(주)씨앤피테크관심기업 등록관심기업 등록나의 커리어 첫 시작설립일                            2017년 06월 12일                                (업력 5년)대표자명김종국업종액정 표시장치 제조업재무정보매출액 6억원▲영업이익 1000만원▲(2020년 기준)전체평균연봉4000만원▲                                                            (2020년 기준)전체기업주소경기 안성시 원곡면 관산길 25, 1동(주)씨엔피테크관심기업 등록관심기업 등록나의 커리어 첫 시작진행중 채용공고 1건 >설립일                            1999년 08월 04일                                (업력 23년)대표자명신전섭업종컴퓨터 제조업재무정보매출액 50억원▲(2021년 기준)전체평균연봉3000만원▲                                                            (2021년 기준)전체기업주소서울 금천구 가산디지털2로 18, 204,205호채용중 회계.경리 및 POS시스템유지보수 인원모집  부산전체 신입·경력 고졸↑ ~ 05/10(화)입사지원 (주)씨엔피테크관심기업 등록관심기업 등록신입인데 연봉사천?나의 커리어 첫 시작이전멈춤다음설립일                            2013년 07월 01일                                (업력 9년)대표자명박영숙업종주형 및 금형 제조업재무정보매출액 9억원▲(2019년 기준)전체평균연봉5500만원▲                                                            (2019년 기준)전체기업주소경기 화성시 정남면 용수길 4-11(주)씨엔피테크관심기업 등록관심기업 등록나의 커리어 첫 시작설립일                            2010년 11월 01일                                (업력 12년)대표자명이경성업종통신ㆍ방송장비 및 부품 도매업재무정보매출액 6억원▲(2014년 기준)전체기업주소경기 수원시 팔달구 효원로308번길 16, 103동 2004호(주)씨앤피테크노관심기업 등록관심기업 등록나의 커리어 첫 시작대표자명최웅렬업종기타 산업용 기계 및 장비 도매업기업주소서울 서초구 방배중앙로 114씨앤피테크관심기업 등록관심기업 등록대표자명김현정업종컴퓨터 및 주변장치, 소프트웨어 도매업기업주소경기 수원시 팔달구 효원로308번길 16, 103동 2004호씨앤피테크관심기업 등록관심기업 등록나의 커리어 첫 시작업종의료, 정밀, 광학기기 및 시계 제조업기업주소인천 계양구 길마로 13C&P테크관심기업 등록관심기업 등록나는 개인사업자다나의 커리어 첫 시작이전멈춤다음진행중 채용공고 1건 >대표자명정현수업종기타 기계 및 장비 도매업기업주소경기 부천시 성곡로69번길 33채용중 판넬 제작/전기설비/배선/전계장 신입, 경력 채용 인천 서구 신입·경력 고졸↑ ~ 05/05(목)입사지원 씨엔피테크관심기업 등록관심기업 등록나의 커리어 첫 시작대표자명박광진업종기타 무선 통신장비 제조업기업주소경북 칠곡군 북삼읍 인강8길 21, 102동 407호씨엔피테크관심기업 등록관심기업 등록나의 커리어 첫 시작대표자명정경환업종주형 및 금형 제조업기업주소경기 화성시 정남면 용수길 4-11씨엔피테크관심기업 등록관심기업 등록대표자명김정숙업종가전제품, 통신장비 및 부품 도매업기업주소경기 부천시 원종로131번길 49, 라동 305호"
,"(주)에이엠코퍼레이션관심기업 등록관심기업 등록나의 커리어 첫 시작설립일                            2018년 10월 02일                                (업력 4년)대표자명이승진업종커피 가공업재무정보매출액 8억원▲영업이익 593.2만원▲(2020년 기준)전체기업주소경기 부천시 소사로794번길 27, 1층에이엠코퍼레이션관심기업 등록관심기업 등록나의 커리어 첫 시작대표자명한기완업종기타 자동차 신품 부품 및 내장품 판매업재무정보매출액 15억원▲영업이익 7500만원▲(2016년 기준)전체기업주소서울 동대문구 천호대로85길 27에이엠코퍼레이션관심기업 등록관심기업 등록나의 커리어 첫 시작대표자명이성제업종생활용 섬유제품, 의복, 의복 액세 서리 및 모피제..기업주소서울 강남구 선릉로 431, 503호에이엠코퍼레이션관심기업 등록관심기업 등록나의 커리어 첫 시작대표자명은상아업종상품 종합 도매업기업주소인천 남구 경원대로 717, 105동 1101호"
