가미디자인, 상주시,가미디자인,대표자명장태영업종인쇄업기업주소경북 상주시 경상대로 2878
거송광고디자인, 영천시,거송광고디자인,"대표자명박성희업종광고 대행업기업주소경북 영천시 창신1길 22, 103동 1104호"
건강한친구, 구미시,(주)건강한친구,"설립일                            2016년 11월 14일                                (업력 6년)대표자명황세돈업종기타 운동 및 경기용구 제조업재무정보매출액 1000만원▲(2021년 기준)전체평균연봉4000만원▲                                                            (2021년 기준)전체기업주소부산 해운대구 센텀서로 39, 1013호"
경농신문, 상주시,(주)종원산업,"설립일                            2008년 04월 22일                                (업력 14년)대표자명임문규업종재생용 재료 수집 및 판매업기업주소경북 상주시 동수로 39, C동 302호"
경북기획, 구미시,만복기획,설립일                            2019년 01월 01일                                (업력 3년)대표자명정유영업종광고·홍보·전시재무정보매출액 1억원▲(2021년 기준)전체기업주소경북 영천시 천문로 181 GNC경북천연염색 산업연구원 4층
경북뉴스라인, 구미시,(주)경북뉴스라인,"설립일                            2010년 11월 15일                                (업력 12년)대표자명김태호업종잡지 및 정기간행물 발행업기업주소경북 구미시 금오시장로 13, 226호,227호"
경북도민일보, 포항시,경북도민일보(주),"설립일                            2003년 10월 28일                                (업력 19년)대표자명김찬수업종신문 발행업재무정보매출액 25억원▲(2021년 기준)전체평균연봉2500만원▲                                                            (2021년 기준)전체기업주소경북 포항시 남구 중앙로 66-1, 2층"
경북동부신문, 영천시,경북동부신문(주),"설립일                            2003년 07월 01일                                (업력 19년)대표자명양승원업종신문, 잡지 및 정기간행물 출판업재무정보매출액 1억원▲(2017년 기준)전체기업주소경북 영천시 최무선로 280"
경북디자인센터, 영주시,(재)대구경북디자인진흥원,설립일                            2006년 12월 12일                                (업력 16년)대표자명김윤집업종기타 교육지원 서비스업재무정보매출액 10억원▲영업이익 100.7만원▲(2017년 기준)전체평균연봉5000만원▲                                                            (2017년 기준)전체기업주소대구 동구 동대구로 461
경북매일신문, 포항시,(주)경북매일신문,대표자명최윤채업종신문 발행업재무정보매출액 50억원▲영업이익 2억원▲(2018년 기준)전체평균연봉3000만원▲                                                            (2018년 기준)전체기업주소경북 포항시 북구 중앙로 289
경북문화신문, 구미시,(주)경북문화신문,"대표자명안정분업종신문, 잡지 및 정기간행물 출판업기업주소경북 구미시 지산1길 54"
경북미래연구소, 안동시,경북미래연구소(주),설립일                            2018년 11월 23일                                (업력 4년)대표자명배영묵업종기타 정보기술 및 컴퓨터운영 관련 서비스업기업주소경북 안동시 임하면 진사리길 14
경북방송, 포항시,(주)경북방송,"설립일                            2013년 10월 17일                                (업력 9년)대표자명박태윤업종일반 서적 출판업기업주소경북 포항시 남구 중앙로 66, 2층"
경북산업, 경주시,(주)경북산업,설립일                            2014년 10월 21일                                (업력 8년)대표자명전학분/정진욱업종신문 발행업평균연봉3500만원▲                                                        전체기업주소경북 경주시 화랑로 45
경북인터넷방송, 안동시,(주)유한미디컴,대표자명안정숙/김경욱업종비디오 및 기타 영상기기 제조업재무정보매출액 2억원▲(2021년 기준)전체평균연봉2500만원▲                                                            (2021년 기준)전체기업주소경북 안동시 금곡윗4길 12
경북일보, 포항시,경북일보(주),"대표자명한국선업종신문 발행업재무정보매출액 70억원▲영업이익 2억원▲(2021년 기준)전체평균연봉3000만원▲                                                            (2021년 기준)전체기업주소경북 포항시 북구 중흥로 321, 12층,13층"
경북자치신문, 김천시,(주)경북자치신문,설립일                            2010년 11월 04일                                (업력 12년)대표자명하정태업종잡지 및 정기간행물 발행업기업주소경북 김천시 충효8길 8
경북제일신문, 포항시,경북제일신문에 대한 검색작업 중 예상치 못한 오류가 발생했습니다.,경북제일신문에 대한 검색작업 중 예상치 못한 오류가 발생했습니다.
경북종합신문, 포항시,경북종합신문에 대한 검색작업 중 예상치 못한 오류가 발생했습니다.,경북종합신문에 대한 검색작업 중 예상치 못한 오류가 발생했습니다.
경북중앙뉴스, 의성군,(주)경북중앙뉴스,"설립일                            2013년 03월 20일                                (업력 9년)대표자명김현철업종신문 발행업재무정보매출액 5000만원▲영업이익 1000만원▲(2021년 기준)전체기업주소경북 의성군 의성읍 문소1길 126, 1층"
경북중앙신문, 구미시,경북중앙신문에 대한 검색작업 중 예상치 못한 오류가 발생했습니다.,경북중앙신문에 대한 검색작업 중 예상치 못한 오류가 발생했습니다.
경북콘텐츠랩, 안동시,(주)경북콘텐츠랩,"설립일                            2012년 09월 04일                                (업력 10년)대표자명이건호업종간판 및 광고물 제조업재무정보매출액 1억원▲영업이익 5000만원▲(2020년 기준)전체평균연봉2000만원▲                                                            (2020년 기준)전체기업주소경북 안동시 중앙로 62, 2층"
경상종합광고기획, 경주시,경상종합광고기획,"대표자명이동철업종옥외 및 전시 광고업기업주소경북 경주시 금성로386번길 5, 다동 301호"
경상투데이, 경주시,(주)경상투데이,"설립일                            2013년 12월 11일                                (업력 9년)대표자명이승협업종신문 발행업평균연봉2000만원▲                                                        전체기업주소경북 경주시 양정로 235, 8층"
경상포커스협동조합, 성주군,경상포커스협동조합,설립일                            2014년 03월 06일                                (업력 8년)대표자명전상일업종잡지 및 정기간행물 발행업재무정보매출액 1000만원▲영업이익 339.4만원▲(2021년 기준)전체기업주소경북 성주군 대가면 옥성3길 63
경서신문, 성주군,(주)경서신문,"설립일                            2014년 07월 23일                                (업력 8년)대표자명이찬우업종잡지 및 정기간행물 발행업재무정보매출액 1억원▲영업이익 1000만원▲(2021년 기준)전체기업주소경북 성주군 성주읍 성주순환로 271-3, 101호"
경안일보, 안동시,(주)경안일보,"설립일                            2011년 02월 07일                                (업력 11년)대표자명권영석업종잡지 및 정기간행물 발행업평균연봉2000만원▲                                                        전체기업주소경북 안동시 경동로 829, 2층"
경일비트, 안동시,경일비트,"대표자명장성식업종전자상거래 소매 중개업기업주소경북 안동시 영가로 16, 5층 10호"
경일신문, 경산시,(주)경일신문,"설립일                            2012년 11월 13일                                (업력 10년)대표자명이병희업종잡지 및 정기간행물 발행업재무정보매출액 1000만원▲영업이익 183.9만원▲(2020년 기준)전체기업주소경북 경산시 박물관로7길 3-14, 103호"
경주시민신문, 경주시,경주시민신문(주),설립일                            2015년 10월 20일                                (업력 7년)대표자명이채근업종신문 발행업기업주소경북 경주시 외동읍 본동길 15-8
경주신문사, 경주시,(주)경주신문사,"대표자명손동우업종신문, 잡지 및 정기간행물 출판업평균연봉3000만원▲                                                        전체기업주소경북 경주시 계림로 69"
경주정보사, 경주시,경주정보사,"대표자명원성영업종일반 서적 출판업기업주소경북 경주시 태종로 188, 3130호"
경주포커스, 경주시,경주포커스,"대표자명김종득업종그 외 기타 분류 안된 개인 서비스업기업주소경북 경주시 현곡면 안현로 43-6, 104동 301호"
경천교차로, 경산시,(주)경천교차로,"대표자명서재현업종신문 발행업평균연봉2000만원▲                                                        전체기업주소경북 경산시 압량면 화랑로 291, 3층 301호"
고령군민신문, 고령군,(주)고령군민신문,"설립일                            2012년 08월 07일                                (업력 10년)대표자명이복환업종신문 발행업기업주소경북 고령군 대가야읍 월기길 1, 3층"
고령신문, 고령군,(주)고령신문,설립일                            1996년 09월 01일                                (업력 26년)대표자명김명숙업종제판 및 조판업평균연봉2500만원▲                                                        전체기업주소경북 고령군 대가야읍 시장4길 6
고향신문사, 영덕군,(주)고향신문사,"대표자명이상호업종신문 발행업기업주소경북 영덕군 영덕읍 중앙길 115, 2층"
광고114, 예천군,간판114광고기획,대표자명최현숙/김기주업종간판 및 광고물 제조업재무정보매출액 3억원▲영업이익 2500만원▲(2019년 기준)전체기업주소경기 평택시 경기대로 831-32
광고기획예닮, 안동시,광고기획예닮,대표자명박장진업종간판 및 광고물 제조업기업주소경북 안동시 북문동 376번지 경안맨션 상가 8호9호
광고매니저, 경산시,(주)씨유기획,"설립일                            2017년 10월 16일                                (업력 5년)대표자명박창언업종광고 대행업재무정보매출액 70억원▲영업이익 1억원▲(2021년 기준)전체평균연봉3000만원▲                                                            (2021년 기준)전체기업주소서울 금천구 가산디지털1로 189, 801호 (주)엘지가산디지털센터"
광고월드, 울진군,은성월드뷰,대표자명김영길업종광고·홍보·전시기업주소서울 노원구 상계동 450 b103
구미교차로, 구미시,(주)구미교차로,대표자명이동욱업종신문 발행업평균연봉2500만원▲                                                        전체기업주소경북 구미시 금오산로20길 5
구미기획인쇄, 구미시,구미기획인쇄,"대표자명이현수업종인쇄업기업주소경북 구미시 상림로 149, 1층"
국제콘텐츠팩토리,안동시,국제콘텐츠팩토리,"대표자명여영환업종전자상거래 소매 중개업기업주소경북 안동시 풍천면 천년숲동로 46, 2층 207호"
군위신문, 군위군,군위신문(주),설립일                            2010년 11월 03일                                (업력 12년)대표자명사공화열업종신문 발행업기업주소경북 군위군 군위읍 동서길 73-5
그루와터, 칠곡군,그루와터,대표자명권만구기업주소경북 칠곡군 왜관읍 중앙로 123-14
그리지오아트, 안동시,그리지오아트,"대표자명배명일업종전자상거래 소매 중개업기업주소경북 안동시 경동로 977-6, 509동 706호"
극단길, 포항시,극단길에 대한 검색작업 중 예상치 못한 오류가 발생했습니다.,극단길에 대한 검색작업 중 예상치 못한 오류가 발생했습니다.
글로발문화사, 구미시,글로발문화사,대표자명서찬교업종기타 인쇄업기업주소경북 구미시 금오산로 29
글로벌몬스터, 구미시,(주)글로벌몬스터,"설립일                            2017년 08월 11일                                (업력 5년)대표자명남인호업종응용 소프트웨어 개발 및 공급업재무정보매출액 40억원▲영업이익 7억원▲(2020년 기준)전체기업주소대구 중구 국채보상로 586, 1629호"
글로벌아트, 안동시,(주)글로벌아트,"설립일                            2011년 05월 24일                                (업력 11년)대표자명정만성업종경영 컨설팅업재무정보매출액 3억원▲영업이익 2500만원▲(2020년 기준)전체평균연봉2500만원▲                                                            (2020년 기준)전체기업주소경북 안동시 경북대로 501, 2층"
금강미디어, 포항시,(주)금강미디어,"설립일                            1995년 07월 06일                                (업력 27년)대표자명김영수업종광고 대행업재무정보매출액 3억원▲영업이익 1000만원▲(2016년 기준)전체기업주소경북 포항시 북구 장량로157번길 7-1, 3층"
금강애드, 구미시,금강애드,"대표자명김규숙업종기타 인쇄업기업주소서울 서대문구 가좌로 91, 1층"
금릉인쇄사, 김천시,금릉인쇄사,대표자명최창규업종인쇄업기업주소경북 김천시 시청앞길 6
긍정의뉴스, 구미시,긍정의뉴스,대표자명조영덕업종전자상거래 소매 중개업기업주소경상북도 구미시 원평1동
기주기획사, 상주시,기주기획사,"대표자명백선흠업종사무지원 서비스업기업주소경북 상주시 냉림안길 (,2차진주맨션)"
김천교차로, 김천시,(주)김천교차로,설립일                            2002년 07월 01일                                (업력 20년)대표자명이상구업종잡지 및 정기간행물 발행업기업주소경북 김천시 김천로 28
김천내일신문, 김천시,(주)김천내일신문,"설립일                            2014년 06월 05일                                (업력 8년)대표자명최도철업종신문 발행업기업주소경북 김천시 시청2길 40, 상가 201호"
김천신문사, 김천시,(주)김천신문사,"설립일                            1996년 09월 02일                                (업력 26년)대표자명이길용업종신문, 잡지 및 정기간행물 출판업기업주소경북 김천시 충효길 91, 2층"
김천타임즈, 김천시,김천타임즈에 대한 검색결과 없음,김천타임즈에 대한 검색결과 없음
나눔스토리, 포항시,나눔스토리,대표자명이도현업종컴퓨터 프로그래밍 서비스업재무정보매출액 1억원▲(2020년 기준)전체기업주소경북 포항시 남구 대이로60번길 14-4
나무기획, 경주시,(주)나무기획,"설립일                            2022년 01월 04일                        대표자명양영봉업종기타 인문 및 사회과학 연구개발업기업주소경기 파주시 청석로 268, 807동 349호"
나인시스템, 포항시,(주)나인시스템,"대표자명김희성/정성목업종컴퓨터 및 주변장치, 소프트웨어 도매업재무정보매출액 60억원▲영업이익 12억원▲(2018년 기준)전체평균연봉4000만원▲                                                            (2018년 기준)전체기업주소대구 서구 서대구로 41, 3층"
네오에스티, 구미시,네오에스티,설립일                            2010년 11월 01일                                (업력 12년)대표자명박종화업종금속 절삭기계 제조업재무정보매출액 1억원▲영업이익 2500만원▲(2019년 기준)전체기업주소경북 경산시 하양읍 용정길 203
네오커뮤니케이션즈, 포항시,네오커뮤니케이션즈(주),설립일                            2002년 04월 09일                                (업력 20년)대표자명김경하/장철호업종광고매체 판매업재무정보매출액 5억원▲영업이익 5000만원▲(2021년 기준)전체평균연봉4000만원▲                                                            (2021년 기준)전체기업주소경북 포항시 북구 중앙로 396-3
네콘, 구미시,(주)네콘시스,"설립일                            1994년 04월 21일                                (업력 28년)대표자명김종성업종배전반 및 전기 자동제어반 제조업재무정보매출액 50억원▲영업이익 5억원▲(2019년 기준)전체평균연봉5500만원▲                                                            (2019년 기준)전체기업주소경기 성남시 분당구 판교로228번길 15, 2동 902호"
넥스트클라우드, 포항시,(주)더넥스트클라우드,"설립일                            2020년 09월 11일                                (업력 2년)대표자명윤훈령업종응용 소프트웨어 개발 및 공급업기업주소경기 성남시 중원구 양현로405번길 16-10, 205호,206호,207호,208호"
넷미디어, 포항시,(주)넷미디어,"설립일                            2018년 10월 17일                                (업력 4년)대표자명김용대업종시스템 소프트웨어 개발 및 공급업재무정보매출액 2억원▲영업이익 943.8만원▲(2020년 기준)전체평균연봉4500만원▲                                                            (2020년 기준)전체기업주소경북 포항시 남구 중흥로58번길 24, B동"
노바소프트, 구미시,(주)노바소프트,"설립일                            2018년 08월 27일                                (업력 4년)대표자명장성훈업종시스템 소프트웨어 개발 및 공급업평균연봉3000만원▲                                                        전체기업주소인천 연수구 갯벌로 12, 1909호"
놀몸문화예술배움터, 안동시,놀몸문화예술배움터에 대한 검색결과 없음,놀몸문화예술배움터에 대한 검색결과 없음
누라임스튜디오, 경산시,(주)비트노리,설립일                            2019년 05월 10일                                (업력 3년)대표자명송경진업종유선 온라인 게임 소프트웨어 개발 및 공급업평균연봉3000만원▲                                                        전체기업주소경북 경산시 삼풍로 27
누리스마트코리아, 포항시,누리스마트코리아(주),"설립일                            1999년 10월 01일                                (업력 23년)대표자명김정호업종전기용 기계ㆍ장비 및 관련 기자재 도매업재무정보매출액 10억원▲영업이익 2500만원▲(2021년 기준)전체평균연봉4500만원▲                                                            (2021년 기준)전체기업주소경북 포항시 남구 지곡로 394, 포항테크노파크 제1벤처동 202호"
누리애드, 포항시,누리애드,"대표자명한원율업종간판 및 광고물 제조업기업주소부산 금정구 서부로4번길 20, 1동 4층 401호"
누리지오시스템, 경산시,(주)누리지오시스템,"설립일                            2017년 02월 10일                                (업력 5년)대표자명채경석/박동남업종측량업재무정보매출액 12억원▲영업이익 1억원▲(2021년 기준)전체평균연봉3500만원▲                                                            (2021년 기준)전체기업주소경북 경산시 남매공원로1길 9, 4층 404호"
뉴스라이프, 구미시,(주)뉴스라이프,"설립일                            2018년 06월 15일                                (업력 4년)대표자명권맹식업종잡지 및 정기간행물 발행업재무정보매출액 2500만원▲영업이익 619.4만원▲(2021년 기준)전체기업주소경북 구미시 금오산로 59, 3층"
뉴스일번지, 구미시,(주)뉴스일번지,"설립일                            2012년 10월 11일                                (업력 10년)대표자명전정일업종잡지 및 정기간행물 발행업재무정보매출액 2500만원▲(2014년 기준)전체기업주소경북 구미시 금오시장로 18, 6층"
뉴트로게임즈, 경산시,(주)뉴트로게임즈,"설립일                            2019년 06월 05일                                (업력 3년)대표자명지병곤업종유선 온라인 게임 소프트웨어 개발 및 공급업재무정보매출액 4억원▲영업이익 358.2만원▲(2020년 기준)전체평균연봉2500만원▲                                                            (2020년 기준)전체기업주소경북 경산시 삼풍로 27, 글로벌벤처동 2101호-1(1)"
님블게임즈, 김천시,님블게임즈에 대한 검색결과 없음,님블게임즈에 대한 검색결과 없음
다경인쇄기획, 김천시,다경인쇄기획에 대한 검색결과 없음,다경인쇄기획에 대한 검색결과 없음
다인정보통신, 구미시,(주)다인정보통신,"설립일                            2012년 09월 03일                                (업력 10년)대표자명박상호업종내부 통신배선 공사업평균연봉3500만원▲                                                        전체기업주소부산 연제구 온천천남로 16, 4층 401호"
단디, 안동시,(주)단디,설립일                            2017년 12월 27일                                (업력 5년)대표자명이선희업종건물용 기계ㆍ장비 설치 공사업평균연봉3500만원▲                                                        전체기업주소경북 군위군 효령면 서고암2길 31
달라라네트워크, 구미시,(주)달라라네트워크,"설립일                            2018년 11월 05일                                (업력 4년)대표자명김채원업종방송 프로그램 제작업재무정보매출액 2억원▲(2021년 기준)전체평균연봉4500만원▲                                                            (2021년 기준)전체기업주소울산 북구 매곡1로 15-1, 해니비지니스센터 4층 413호-99"
대가야신문, 고령군,(주)대가야신문,"설립일                            2009년 01월 19일                                (업력 13년)대표자명김소현업종신문, 잡지 및 정기간행물 출판업기업주소경북 고령군 대가야읍 벽화길 4"
대경, 영주시,(주)대경,대표자명권정술업종아스팔트 콘크리트 및 혼합제품 제조업재무정보매출액 15억원▲(2016년 기준)전체평균연봉3500만원▲                                                            (2016년 기준)전체기업주소마산시 합포구 진북면 망곡리산1
대경일보, 포항시,대경일보에 대한 검색결과 없음,대경일보에 대한 검색결과 없음
대구CBS(cbs안동중계소), 안동시,대구CBS(cbs안동중계소)에 대한 검색결과 없음,대구CBS(cbs안동중계소)에 대한 검색결과 없음
대구경북신문, 안동시,대구경북신문(주),설립일                            2010년 11월 19일                                (업력 12년)대표자명이춘기업종신문 발행업기업주소경북 안동시 제비원로 113-3
대동개발, 포항시,(주)대동개발,"설립일                            2020년 01월 06일                                (업력 2년)대표자명조정상업종비주거용 건물 개발 및 공급업기업주소경기 용인시 수지구 동천로 2, 2층"
대련에듀, 포항시,대련에듀에 대한 검색결과 없음,대련에듀에 대한 검색결과 없음
대림출판기획, 안동시,대림출판기획,대표자명배윤민업종일반 서적 출판업기업주소경북 안동시 법상길 41-5
대한커뮤니케이션즈, 구미시,대한커뮤니케이션즈에 대한 검색작업 중 예상치 못한 오류가 발생했습니다.,대한커뮤니케이션즈에 대한 검색작업 중 예상치 못한 오류가 발생했습니다.
더나은, 구미시,더나은(주),"설립일                            2016년 08월 11일                                (업력 6년)대표자명김민동업종그 외 기타 생활용품 도매업재무정보매출액 60억원▲영업이익 2억원▲(2021년 기준)전체기업주소대구 북구 팔달로41길 80, 신관 5층"
더조은광고기획, 안동시,더조은광고기획,대표자명전호경업종인쇄업기업주소경북 안동시 안기천로 47
데모, 포항시,(주)데모스,"설립일                            2001년 07월 06일                                (업력 21년)대표자명윤혜란업종경영 컨설팅업재무정보매출액 3억원▲영업이익 1000만원▲(2021년 기준)전체평균연봉3000만원▲                                                            (2021년 기준)전체기업주소서울 성동구 아차산로7길 36, 3층 302-1호"
데일리디자인, 포항시,(주)데일리디자인,설립일                            2021년 11월 08일                                (업력 1년)대표자명김연두업종경 인쇄업재무정보매출액 2억원▲영업이익 7500만원▲(2021년 기준)전체기업주소경북 포항시 북구 양학로9번길 35
도담디자인스튜디오, 안동시,도담디자인스튜디오,"대표자명김선욱업종사진 촬영 및 처리업기업주소경북 안동시 강남2길 60-18, 202호"
도서출판느티나무, 영주시,도서출판느티나무에 대한 검색결과 없음,도서출판느티나무에 대한 검색결과 없음
도서출판단풍나무, 포항시,도서출판단풍나무에 대한 검색결과 없음,도서출판단풍나무에 대한 검색결과 없음
도서출판동반, 경주시,도서출판동반에 대한 검색작업 중 예상치 못한 오류가 발생했습니다.,도서출판동반에 대한 검색작업 중 예상치 못한 오류가 발생했습니다.
도서출판뿌리, 경주시,도서출판뿌리에 대한 검색결과 없음,도서출판뿌리에 대한 검색결과 없음
도서출판연꽃호수, 성주군,도서출판연꽃호수에 대한 검색결과 없음,도서출판연꽃호수에 대한 검색결과 없음
도서출판창조이십일, 안동시,도서출판창조이십일에 대한 검색결과 없음,도서출판창조이십일에 대한 검색결과 없음
도서출판형제, 안동시,도서출판형제,대표자명김중대업종기타 인쇄업재무정보매출액 4억원▲영업이익 2500만원▲(2011년 기준)전체기업주소경북 안동시 안기천로 10
도시미, 포항시,(주)도시미,"설립일                            2011년 07월 28일                                (업력 11년)대표자명전경호업종운동 및 경기용품 도매업기업주소서울 강동구 양재대로 1487, 301호"
도원씨엔피, 경산시,도원씨엔피에 대한 검색결과 없음,도원씨엔피에 대한 검색결과 없음
돌나라출판사, 문경시,돌나라출판사에 대한 검색작업 중 예상치 못한 오류가 발생했습니다.,돌나라출판사에 대한 검색작업 중 예상치 못한 오류가 발생했습니다.
동아애드컴, 김천시,동아애드컴,"대표자명허선옥업종광고물 문안, 도안, 설계 등 작성업기업주소경북 안동시 풍천면 지풍로 1558, 1554호"
동아인쇄, 김천시,동아인쇄(주),설립일                            2014년 10월 08일                                (업력 8년)대표자명변용호업종스크린 인쇄업재무정보매출액 7억원▲영업이익 7500만원▲(2021년 기준)전체평균연봉3500만원▲                                                            (2021년 기준)전체기업주소경북 김천시 시청5길 5
동아일보포항교판, 포항시,동아일보포항교판에 대한 검색결과 없음,동아일보포항교판에 대한 검색결과 없음
동아프로젝트, 구미시,동아프로젝트,대표자명김인기업종간판 및 광고물 제조업기업주소경북 구미시 형곡로 26
동양프린텍, 경산시,(주)동양프린텍,설립일                            2012년 12월 03일                                (업력 10년)대표자명양재국업종그 외 기타 달리 분류되지 않은 제품 제조업재무정보매출액 35억원▲영업이익 2억원▲(2021년 기준)전체평균연봉5000만원▲                                                            (2021년 기준)전체기업주소서울 노원구 동일로231길 91
동해테크, 포항시,(주)동해테크,설립일                            2008년 02월 21일                                (업력 14년)대표자명조성욱업종소방시설 공사업재무정보매출액 8억원▲영업이익 250.6만원▲(2016년 기준)전체평균연봉5500만원▲                                                            (2016년 기준)전체기업주소부산 부산진구 엄광로178번길 9
동화출판사, 영주시,동화출판사에 대한 검색작업 중 예상치 못한 오류가 발생했습니다.,동화출판사에 대한 검색작업 중 예상치 못한 오류가 발생했습니다.
두인디자인, 성주군,두인디자인,"대표자명김성윤업종도배, 실내장식 및 내장 목공사업기업주소부산 수영구 무학로34번길 24"
둥지커뮤니케이션즈, 청도군,(주)둥지,대표자명김우현업종비주거용 건물 임대업재무정보매출액 1억원▲영업이익 5000만원▲(2021년 기준)전체기업주소경북 청도군 청도읍 청도신기길 83-7
드림디자인, 안동시,(주)드림디자인,설립일                            2014년 08월 28일                                (업력 8년)대표자명황영근업종표면 가공 목재 및 특정 목적용 제재목 제조업재무정보매출액 12억원▲영업이익 2억원▲(2020년 기준)전체평균연봉5500만원▲                                                            (2020년 기준)전체기업주소경기 파주시 월롱면 엘지로 440-68
드림인쇄기획, 칠곡군,드림인쇄기획,대표자명권원배업종경 인쇄업기업주소경북 칠곡군 왜관읍 2번도로길 45-2
디딤돌디자인기획, 안동시,디딤돌디자인기획,"대표자명이준우업종일반 서적 출판업기업주소경북 안동시 목성교길 24-3, 1층"
디아이티에스, 구미시,디아이티에스(주),"설립일                            2005년 01월 01일                                (업력 17년)대표자명조창우업종컴퓨터시스템 통합 자문 및 구축 서비스업평균연봉4500만원▲                                                        전체기업주소경북 구미시 3공단1로 302-7, 7동 310호"
디앤웍스, 경산시,(주)디앤웍스,"설립일                            2008년 04월 01일                                (업력 14년)대표자명김경수업종응용 소프트웨어 개발 및 공급업기업주소경북 경산시 경안로50길 31, 101호"
디자인book소리, 안동시,디자인북소리,설립일                            2012년 03월 21일                                (업력 10년)대표자명서경희업종시스템ㆍ응용 소프트웨어 개발 및 공급업기업주소제주 제주시 성지로 60
디자인기획온누리, 안동시,디자인기획온누리에 대한 검색결과 없음,디자인기획온누리에 대한 검색결과 없음
디자인소담, 구미시,디자인소담,대표자명안상권업종기타 건축마무리 공사업기업주소대구 중구 수창동 298번지
디자인스토리, 안동시,(유)디자인스토리,"설립일                            2019년 09월 24일                                (업력 3년)대표자명고서경업종광고 대행업재무정보매출액 1억원▲영업이익 2500만원▲(2019년 기준)전체평균연봉4000만원▲                                                            (2019년 기준)전체기업주소광주 남구 회재로1249번길 42-1, 1층"
디자인스토리단국, 김천시,디자인스토리단국에 대한 검색결과 없음,디자인스토리단국에 대한 검색결과 없음
디자인신라, 구미시,(주)디자인신라,설립일                            2016년 09월 08일                                (업력 6년)대표자명장민/장현일업종전시 및 광고용 조명장치 제조업재무정보매출액 5억원▲영업이익 1억원▲(2020년 기준)전체기업주소경북 구미시 인동36길 78
디자인여백, 안동시,(주)디자인여백플러스,"설립일                            2016년 12월 26일                                (업력 6년)대표자명이은호업종기타 인쇄업재무정보매출액 30억원▲영업이익 2억원▲(2021년 기준)전체평균연봉4000만원▲                                                            (2021년 기준)전체기업주소서울 영등포구 선유로 70, 409호, 904호, 905호"
디자인판, 안동시,(주)디자인판,"설립일                            2018년 03월 29일                                (업력 4년)대표자명임규홍업종인테리어 디자인업재무정보매출액 25억원▲영업이익 1억원▲(2021년 기준)전체평균연봉4000만원▲                                                            (2021년 기준)전체기업주소서울 금천구 가산디지털1로 100, 1305호"
디지털아이엠씨, 포항시,(주)퍼즐랩,"설립일                            2022년 05월 04일                        대표자명김연우업종광고·홍보·전시기업주소서울 강남구 테헤란로63길 11, 이노센스BD B1 (주)퍼즐랩"
디피시정보, 안동시,(주)디피시정보,"설립일                            2012년 05월 08일                                (업력 10년)대표자명배미영업종응용 소프트웨어 개발 및 공급업재무정보매출액 1억원▲영업이익 1000만원▲(2016년 기준)전체평균연봉3500만원▲                                                            (2016년 기준)전체기업주소경북 안동시 송천3길 54-11, 105호"
라온이엔지, 경산시,(주)라온이엔지,"설립일                            2015년 06월 19일                                (업력 7년)대표자명배성임업종미장, 타일 및 방수 공사업재무정보매출액 40억원▲영업이익 7500만원▲(2021년 기준)전체평균연봉5000만원▲                                                            (2021년 기준)전체기업주소경기 광주시 경충대로 1897, 2층"
라이프프로덕션, 포항시,(유)엠피바이오메디칼스코리아,설립일                            2012년 08월 01일                                (업력 10년)대표자명최병달업종제약·보건·바이오재무정보매출액 20억원▲(2020년 기준)전체평균연봉6500만원▲                                                            (2020년 기준)전체기업주소서울 송파구 충민로 52 가든파이브웍스 비동 809호
란기획, 영주시,란기획,대표자명김현란업종기타 인쇄물 출판업기업주소경북 영주시 광복로 60-1
랜드인포, 포항시,랜드인포,"대표자명최경환업종그 외 기타 정보 서비스업기업주소경북 포항시 북구 흥해읍 달전로 365, 101동 901호"
레콘, 경산시,(주)레콘,"설립일                            2015년 10월 05일                                (업력 7년)대표자명정성훈업종애니메이션 영화 및 비디오물 제작업평균연봉3000만원▲                                                        전체기업주소경북 경산시 백자로 78, 801호"
로얄광고공사, 구미시,로얄광고공사에 대한 검색결과 없음,로얄광고공사에 대한 검색결과 없음
마이다스에이치앤티, 포항시,(주)마이다스에이치앤티,"설립일                            2018년 04월 09일                                (업력 4년)대표자명정운룡업종시스템 소프트웨어 개발 및 공급업재무정보매출액 2억원▲(2021년 기준)전체기업주소경북 포항시 남구 청암로 87, 712호"
마이크로컴퓨터, 포항시,에드워드코리아(주),설립일                            1992년 08월 26일                                (업력 30년)대표자명윤제이슨재홍업종그 외 기타 전자부품 제조업재무정보매출액 8000억원▲영업이익 1000억원▲(2021년 기준)전체평균연봉6500만원▲                                                            (2021년 기준)전체기업주소충남 천안시 서북구 3공단1로 96
마커, 포항시,(주)마커,설립일                            2015년 06월 12일                                (업력 7년)대표자명정철현업종응용 소프트웨어 개발 및 공급업재무정보매출액 5000만원▲(2019년 기준)전체기업주소경북 포항시 남구 청암로 77
만화가아저씨, 경주시,만화가아저씨에 대한 검색결과 없음,만화가아저씨에 대한 검색결과 없음
맹그라미콘텐츠랩, 안동시,맹그라미콘텐츠랩에 대한 검색결과 없음,맹그라미콘텐츠랩에 대한 검색결과 없음
머스트, 경산시,(주)머스트,"대표자명박인희업종컴퓨터 프로그래밍 서비스업재무정보매출액 2억원▲(2021년 기준)전체평균연봉3000만원▲                                                            (2021년 기준)전체기업주소경북 경산시 남매공원로1길 1, 501호"
메이커홈, 문경시,홈메이커486,"대표자명오은실업종전자상거래 소매 중개업기업주소서울 금천구 독산로8길 53, 201호"
메인디자인, 구미시,메인디자인,대표자명주지윤업종간판 및 광고물 제조업재무정보매출액 2억원▲영업이익 1000만원▲(2018년 기준)전체기업주소경북 구미시 구미중앙로 154-1
명문광고, 문경시,명문광고,대표자명조해광업종기타 광고업기업주소경북 문경시 신흥로 193
모노마인드, 포항시,모노마인드,"대표자명성정훈업종시스템ㆍ응용 소프트웨어 개발 및 공급업기업주소경북 포항시 북구 흥해읍 신덕로 60, 116호"
모닝기획, 구미시,모닝기획,대표자명마원업종포털·인터넷·컨텐츠기업주소경북 의성군 의성읍 572-2
모던광고사, 경주시,모던광고사,대표자명이경식업종옥외 및 전시 광고업기업주소경북 경주시 알천남로 70
모론게임즈, 구미시,모론게임즈에 대한 검색결과 없음,모론게임즈에 대한 검색결과 없음
목민사, 경주시,목민사,"대표자명김목민업종제판 및 조판업기업주소경북 경주시 봉황로 165-1, 1층"
목성인쇄사, 안동시,목성인쇄사에 대한 검색결과 없음,목성인쇄사에 대한 검색결과 없음
무겐아이티, 포항시,(주)무겐아이티,"설립일                            2017년 05월 19일                                (업력 5년)대표자명김시은업종응용 소프트웨어 개발 및 공급업기업주소경북 포항시 남구 지곡로 394, 제4벤처동 포항에스더블유지원센터310호"
문경사랑, 문경시,(주)문경사랑,대표자명황진호업종잡지 및 정기간행물 발행업재무정보매출액 1억원▲(2021년 기준)전체기업주소경북 문경시 점촌2길 38
문경신문, 문경시,(주)문경신문,대표자명이정환업종신문 발행업기업주소경북 문경시 점촌로 8-1
문경인터넷뉴스, 문경시,문경인터넷뉴스사,"대표자명장영화업종신문, 잡지 및 정기간행물 출판업기업주소경북 문경시 신흥로 160"
문소기획, 의성군,(주)문소기획,"설립일                            2018년 07월 30일                                (업력 4년)대표자명김해숙업종전시, 컨벤션 및 행사 대행업재무정보매출액 5억원▲영업이익 912.7만원▲(2021년 기준)전체기업주소경북 의성군 의성읍 동서2길 24"
문화창작집단공터다, 구미시,(사)문화창작집단공터다,"설립일                            2011년 12월 07일                                (업력 11년)대표자명황윤동업종공연 기획업평균연봉2000만원▲                                                        전체기업주소경북 구미시 금오시장로 4, 2층"
미디어131, 포항시,미디어131(개인),"설립일                            2012년 01월 18일                                (업력 10년)대표자명김동림업종방송 프로그램 제작업기업주소경기 용인시 처인구 남사읍 한숲로 123, 304동 1503호"
미디어경북, 포항시,(주)미디어경북,"설립일                            2013년 08월 05일                                (업력 9년)대표자명이한우업종잡지 및 정기간행물 발행업기업주소경북 포항시 남구 대이로9번길 24, 3층 범양에어콘"
미디어원, 구미시,(주)미디어원,"설립일                            2013년 03월 08일                                (업력 9년)대표자명박운진업종방송 프로그램 제작업재무정보매출액 1억원▲영업이익 1000만원▲(2021년 기준)전체기업주소서울 강서구 양천로 452, A동 12층 1204호"
미디어컷, 경산시,미디어컷,대표자명김대성업종광고 영화 및 비디오물 제작업기업주소대구 남구 효동길 56-22
미디어포스트, 안동시,(주)미디어포스트,"설립일                            2008년 08월 19일                                (업력 14년)대표자명박은하업종광고 대행업재무정보매출액 5억원▲(2013년 기준)전체기업주소서울 도봉구 노해로66길 21, 116동 902호"
미디피아, 경산시,미디피아,"대표자명이정훈업종전자상거래 소매 중개업기업주소경북 경산시 삼풍로 27, 경북테크노파크 글로벌벤처동 2102-4호"
미래광고기획, 상주시,미래광고기획,대표자명박경자업종간판 및 광고물 제조업재무정보매출액 2억원▲영업이익 832만원▲(2016년 기준)전체기업주소경남 진주시 남강로 485
미래로정보기술, 문경시,(주)미래로정보기술,설립일                            2006년 09월 18일                                (업력 16년)대표자명하경남업종응용 소프트웨어 개발 및 공급업재무정보매출액 2억원▲영업이익 1000만원▲(2016년 기준)전체기업주소경북 문경시 신기1길 62-2
믹앤멕, 포항시,믹앤멕(주),설립일                            2019년 04월 03일                                (업력 3년)대표자명김정태업종그 외 기타 정보 서비스업기업주소경북 포항시 남구 청암로 77
배뱅이영상포토, 구미시,배뱅이영상포토에 대한 검색결과 없음,배뱅이영상포토에 대한 검색결과 없음
보광, 안동시,(주)보광,설립일                            1992년 10월 27일                                (업력 30년)대표자명박순환업종화학섬유직물 직조업재무정보매출액 45억원▲(2021년 기준)전체평균연봉3500만원▲                                                            (2021년 기준)전체기업주소대구 달서구 성서공단로35길 17
보노커뮤니케이션즈, 구미시,보노커뮤니케이션즈에 대한 검색결과 없음,보노커뮤니케이션즈에 대한 검색결과 없음
복덕판, 영천시,복덕판(주),"설립일                            2018년 02월 02일                                (업력 4년)대표자명정민하업종컴퓨터 프로그래밍 서비스업평균연봉3500만원▲                                                            (2019년 기준)전체기업주소대구 중구 태평로 160, 6층 601호"
봉화일보, 봉화군,(주)봉화일보,"설립일                            2009년 06월 05일                                (업력 13년)대표자명권영석업종잡지 및 정기간행물 발행업재무정보매출액 7500만원▲영업이익 364만원▲(2021년 기준)전체기업주소경북 봉화군 봉화읍 내성로 121-1, 203호"
브라이튼, 경산시,(주)브라이튼,설립일                            2017년 09월 27일                                (업력 5년)대표자명이종하업종도장 및 기타 피막처리업평균연봉3000만원▲                                                        전체기업주소경기 화성시 정남면 정남산단3길 10
블루기획, 경산시,블루기획,"대표자명차재열업종광고물 문안, 도안, 설계 등 작성업재무정보매출액 2억원▲영업이익 2500만원▲(2013년 기준)전체기업주소울산 남구 꽃대나리로 71"
블루디자인, 경산시,블루디자인,대표자명김바다업종간판 및 광고물 제조업재무정보매출액 1억원▲영업이익 1000만원▲(2020년 기준)전체기업주소부산 서구 성산길 19
상산신문, 상주시,상산신문에 대한 검색결과 없음,상산신문에 대한 검색결과 없음
상주고향신문, 상주시,상주고향신문에 대한 검색결과 없음,상주고향신문에 대한 검색결과 없음
상주문경교차로, 상주시,상주문경교차로,"대표자명곽동원업종신문, 잡지 및 정기간행물 출판업기업주소경북 상주시 영남제일로 1408-7"
상주시민신문, 상주시,상주시민신문(주),"대표자명윤문하업종신문 발행업기업주소경북 상주시 삼백로 173, 3층"
상주신문, 상주시,상주신문,"설립일                            2006년 02월 27일                                (업력 16년)대표자명이사윤업종신문, 잡지 및 정기간행물 출판업기업주소경북 상주시 중앙로 151, 5층"
샘디자인기획, 안동시,샘디자인기획에 대한 검색작업 중 예상치 못한 오류가 발생했습니다.,샘디자인기획에 대한 검색작업 중 예상치 못한 오류가 발생했습니다.
생활타임즈, 안동시,생활타임즈에 대한 검색작업 중 예상치 못한 오류가 발생했습니다.,생활타임즈에 대한 검색작업 중 예상치 못한 오류가 발생했습니다.
서동문문화기획단, 안동시,서동문문화기획단에 대한 검색결과 없음,서동문문화기획단에 대한 검색결과 없음
서라벌신문, 경주시,서라벌신문(주),"설립일                            2005년 11월 01일                                (업력 17년)대표자명김현관업종신문 발행업평균연봉3500만원▲                                                        전체기업주소경북 경주시 백률로 6, 상가 4층"
서완, 포항시,(주)서완,"설립일                            2021년 10월 05일                                (업력 1년)대표자명김화영업종시장조사 및 여론조사업기업주소부산 부산진구 동평로291번길 30-17, 102동 1707호"
서울광고산업, 구미시,동광기획,설립일                            2015년 09월 15일                                (업력 7년)대표자명정태규업종출판·인쇄·사진재무정보매출액 3억원▲(2017년 기준)전체기업주소서울 중구 퇴계로30길 24
서울디지털신문사, 포항시,(주)인포넥스트,설립일                            2011년 06월 13일                                (업력 11년)대표자명강경희업종포털 및 기타 인터넷 정보매개 서비스업재무정보매출액 10억원▲영업이익 7500만원▲(2019년 기준)전체평균연봉5000만원▲                                                            (2019년 기준)전체기업주소경북 포항시 북구 칠성천길 72
서울애드컴, 경주시,서울애드컴,대표자명김상봉업종광고업기업주소서울 용산 한강로 2 302 4층
서진트레이딩인터내 셔널, 구미시,서진트레이딩인터내 셔널에 대한 검색결과 없음,서진트레이딩인터내 셔널에 대한 검색결과 없음
선교기획, 포항시,kcbs예술단,업종공연·예술·문화기업주소경기 안양시 동안구 관악대로 403
선구, 칠곡군,(주)선구,"설립일                            1999년 12월 28일                                (업력 23년)대표자명황성옥/황의천업종그 외 기타 분류 안된 화학제품 제조업재무정보매출액 250억원▲영업이익 12억원▲(2021년 기준)전체평균연봉5500만원▲                                                            (2021년 기준)전체기업주소경기 시흥시 협력로 153, 203호"
선샤인프로덕션, 안동시,선샤인프로덕션에 대한 검색결과 없음,선샤인프로덕션에 대한 검색결과 없음
성광기획, 포항시,성광기획,대표자명박진옥업종간판 및 광고물 제조업기업주소충남 태안군 태안읍 남문리 639-29
성신솔루션, 구미시,성신솔루션,대표자명이현식업종응용 소프트웨어 개발 및 공급업재무정보매출액 6억원▲영업이익 5000만원▲(2017년 기준)전체기업주소경북 구미시 1공단로6길 64-23
성심인쇄소, 안동시,성심인쇄소에 대한 검색결과 없음,성심인쇄소에 대한 검색결과 없음
성일기획인쇄, 경산시,성일기획인쇄,대표자명최용화업종기타 인쇄물 출판업재무정보매출액 3억원▲영업이익 2500만원▲(2016년 기준)전체기업주소경북 경산시 경산로13길 7-18
성주방송, 성주군,(주)성주방송,설립일                            2013년 10월 21일                                (업력 9년)대표자명최성고업종유선 방송업기업주소경북 성주군 성주읍 성주읍3길 15
성주신문, 성주군,(주)성주신문사,설립일                            2002년 01월 14일                                (업력 20년)대표자명최성고업종잡지 및 정기간행물 발행업재무정보매출액 2억원▲(2021년 기준)전체평균연봉2500만원▲                                                            (2021년 기준)전체기업주소경북 성주군 성주읍 성주읍3길 15
성주자치신문, 성주군,(주)성주자치신문,"설립일                            2004년 07월 19일                                (업력 18년)대표자명백옥현업종신문 발행업재무정보매출액 1억원▲(2020년 기준)전체평균연봉2500만원▲                                                            (2020년 기준)전체기업주소경북 성주군 성주읍 성주읍2길 43, 상가동 101호, 102호, 103호"
성화광고, 포항시,성화광고,대표자명하태관업종간판 및 광고물 제조업기업주소경북 포항시 남구 대이로45번길 12-7
세기광고사, 안동시,세기광고사,대표자명류점용업종간판 및 광고물 제조업기업주소전남 순천시 동외동 126
세원후렉소, 성주군,세원후렉소(주),대표자명김성남업종경 인쇄업재무정보매출액 25억원▲(2020년 기준)전체평균연봉5500만원▲                                                            (2020년 기준)전체기업주소경북 성주군 월항면 월항농공단지1길 49
세종기획, 상주시,(주)세종기획,"설립일                            2010년 07월 06일                                (업력 12년)대표자명위강복업종기타 인쇄업재무정보매출액 350억원▲영업이익 2500만원▲(2021년 기준)전체평균연봉4500만원▲                                                            (2021년 기준)전체기업주소서울 중구 퇴계로36가길 9, 4층"
세진기획, 안동시,(주)세진기획,대표자명오병환업종스크린 인쇄업재무정보매출액 1억원▲(2021년 기준)전체기업주소경기 광명시 노리실로 28
센정보통신, 구미시,(주)센정보통신,"설립일                            2012년 06월 22일                                (업력 10년)대표자명최정모업종응용 소프트웨어 개발 및 공급업기업주소경북 구미시 구미대로 350-27, 2층 212호"
소니스트, 경산시,(주)소니스트,"설립일                            2014년 01월 07일                                (업력 8년)대표자명김경태업종응용 소프트웨어 개발 및 공급업재무정보매출액 5000만원▲(2016년 기준)전체기업주소인천 연수구 송도과학로28번길 50, 722호"
소백출판사, 영주시,소백출판사에 대한 검색결과 없음,소백출판사에 대한 검색결과 없음
소셜미디어, 경주시,(주)소셜미디어,"설립일                            2019년 04월 25일                                (업력 3년)대표자명백혜지업종광고 대행업재무정보매출액 40억원▲영업이익 25억원▲(2021년 기준)전체기업주소경남 진주시 초장로 120, 502동 1001호"
소프트플러스, 구미시,(주)소프트플러스,"설립일                            2004년 03월 16일                                (업력 18년)대표자명신재균업종컴퓨터 및 주변장치, 소프트웨어 소매업재무정보매출액 130억원▲(2019년 기준)전체평균연봉5000만원▲                                                            (2019년 기준)전체기업주소서울 성동구 성수이로 51, 1003호,1004호"
솔벗, 상주시,(주)솔벗,설립일                            2008년 09월 24일                                (업력 14년)대표자명노병진업종응용 소프트웨어 개발 및 공급업기업주소경북 상주시 공검면 지평2길 12-20
송정광고, 포항시,송정광고,대표자명최기송업종간판 및 광고물 제조업기업주소경북 포항시 북구 새천년대로 523
수디자인, 안동시,(주)수디자인,설립일                            2019년 02월 19일                                (업력 3년)대표자명조규운업종간판 및 광고물 제조업재무정보매출액 4억원▲(2021년 기준)전체평균연봉4500만원▲                                                            (2021년 기준)전체기업주소광주 북구 무등로 128-6
스탁에듀, 포항시,(주)스탁에듀,"설립일                            2018년 04월 05일                                (업력 4년)대표자명김동훈업종포털 및 기타 인터넷 정보매개 서비스업기업주소경북 포항시 북구 새천년대로 549-10, 604호"
스튜디오하이랜딩, 안동시,스튜디오하이랜딩에 대한 검색결과 없음,스튜디오하이랜딩에 대한 검색결과 없음
스트라드비젼, 포항시,스트라드비젼에 대한 검색결과 없음,스트라드비젼에 대한 검색결과 없음
시사문경, 문경시,(주)시사문경,"설립일                            2012년 05월 08일                                (업력 10년)대표자명전재수업종잡지 및 정기간행물 발행업재무정보매출액 7500만원▲영업이익 1000만원▲(2021년 기준)전체기업주소경북 문경시 신흥로 193, 2층"
식쇼, 포항시,식쇼,"대표자명이창걸업종전자상거래 소매 중개업기업주소경북 포항시 북구 창흥로 14-1, 2층"
신라선예술단, 경주시,신라선예술단에 대한 검색결과 없음,신라선예술단에 대한 검색결과 없음
신원음향, 경주시,신원음향,대표자명김경훈업종전자상거래 소매 중개업기업주소경북 경주시 공영주택길 33
신진종합인쇄, 포항시,신진종합인쇄,대표자명신준호업종기타 인쇄물 출판업기업주소경북 포항시 북구 대신로35번길 16-1
신흥인쇄광고사, 경주시,신흥인쇄광고사,대표자명조길조업종기타 인쇄업재무정보매출액 7억원▲영업이익 5000만원▲(2015년 기준)전체기업주소경북 경주시 양정로252번길 17-6
씨닉스, 포항시,(주)씨닉스,"설립일                            2003년 07월 22일                                (업력 19년)대표자명강창덕업종응용 소프트웨어 개발 및 공급업재무정보매출액 2억원▲영업이익 5000만원▲(2021년 기준)전체평균연봉4500만원▲                                                            (2021년 기준)전체기업주소경북 포항시 남구 대이로60번길 4-2, 2층"
씨씨에듀, 포항시,(주)씨씨에듀,"설립일                            2010년 10월 20일                                (업력 12년)대표자명김영옥업종시스템 소프트웨어 개발 및 공급업기업주소경북 포항시 북구 우창동로 70, 402호"
씨앗드림, 포항시,(주)씨앗드림,"설립일                            2016년 08월 09일                                (업력 6년)대표자명신배성업종기타 엔지니어링 서비스업재무정보매출액 4억원▲영업이익 615.7만원▲(2021년 기준)전체평균연봉3000만원▲                                                            (2021년 기준)전체기업주소경북 포항시 남구 중앙로 154, 1108호"
씨온엔터테인먼트, 경산시,씨온엔터테인먼트에 대한 검색결과 없음,씨온엔터테인먼트에 대한 검색결과 없음
씨제이헬로비전영남 방송, 안동시,씨제이헬로비전영남 방송에 대한 검색작업 중 예상치 못한 오류가 발생했습니다.,씨제이헬로비전영남 방송에 대한 검색작업 중 예상치 못한 오류가 발생했습니다.
아니스트, 안동시,(주)아니스트,"설립일                            2016년 05월 13일                                (업력 6년)대표자명이두원업종컴퓨터 프로그래밍 서비스업기업주소서울 강남구 강남대로84길 24-4, 엘에스06"
아스타엔터테인먼트, 경산시,아스타엔터테인먼트에 대한 검색결과 없음,아스타엔터테인먼트에 대한 검색결과 없음
아시아뉴스통신대구경북, 경산시,아시아뉴스통신대구경북에 대한 검색결과 없음,아시아뉴스통신대구경북에 대한 검색결과 없음
아이레경북지사, 안동시,아이레경북지사에 대한 검색결과 없음,아이레경북지사에 대한 검색결과 없음
아이엠샘넷, 경산시,(주)샘넷,"설립일                            2008년 05월 07일                                (업력 14년)대표자명송형호업종광고 대행업재무정보매출액 1억원▲영업이익 479.7만원▲(2020년 기준)전체기업주소경북 경산시 둥지로21길 28-9, 305호"
아이엠지, 경주시,(주)아이엠지,설립일                            2012년 01월 06일                                (업력 10년)대표자명장철업종시스템 소프트웨어 개발 및 공급업재무정보매출액 30억원▲영업이익 4억원▲(2021년 기준)전체평균연봉4500만원▲                                                            (2021년 기준)전체기업주소경북 경주시 동대로 123
아이엠환경디자인, 안동시,아이엠환경디자인에 대한 검색결과 없음,아이엠환경디자인에 대한 검색결과 없음
아이펀네트웍스, 경주시,아이펀네트웍스에 대한 검색결과 없음,아이펀네트웍스에 대한 검색결과 없음
아침기획인쇄, 칠곡군,(주)아침기획인쇄,설립일                            2018년 07월 23일                                (업력 4년)대표자명오봉주업종인쇄업재무정보매출액 4억원▲영업이익 1000만원▲(2018년 기준)전체평균연봉3500만원▲                                                            (2018년 기준)전체기업주소경북 칠곡군 북삼읍 칠곡대로 274-15
아카데미광고사, 안동시,아카데미광고사에 대한 검색결과 없음,아카데미광고사에 대한 검색결과 없음
아트테크, 구미시,(주)아트테크,설립일                            2009년 06월 29일                                (업력 13년)대표자명장양식업종주형 및 금형 제조업재무정보매출액 60억원▲영업이익 3억원▲(2020년 기준)전체평균연봉5000만원▲                                                            (2020년 기준)전체기업주소인천 서구 건지로 158-2
아트플럿폼한터울, 포항시,(주)아트플랫폼한터울,"설립일                            2019년 03월 29일                                (업력 3년)대표자명김도연업종그 외 기타 창작 및 예술관련 서비스업재무정보매출액 1억원▲(2021년 기준)전체평균연봉2500만원▲                                                            (2021년 기준)전체기업주소경북 포항시 남구 중앙로 116, 4층"
안동교차로, 안동시,(주)안동교차로,설립일                            2000년 02월 20일                                (업력 22년)대표자명박순옥업종정기 광고간행물 발행업재무정보매출액 6억원▲(2021년 기준)전체평균연봉3500만원▲                                                            (2021년 기준)전체기업주소경북 안동시 석주로 233
안동문화방송, 안동시,안동문화방송(주),설립일                            1970년 09월 15일                                (업력 52년)대표자명유재용업종지상파 방송업재무정보매출액 80억원▲(2020년 기준)전체평균연봉6500만원▲                                                            (2020년 기준)전체기업주소경북 안동시 단원로 20
안동시소년소녀합창단, 안동시,(사)안동시소년소녀합창단,"설립일                            2012년 01월 05일                                (업력 10년)대표자명권오규업종직원훈련기관재무정보매출액 2억원▲(2018년 기준)전체평균연봉2000만원▲                                                            (2018년 기준)전체기업주소경북 안동시 복주길 51, 304호"
안동신문, 안동시,(주)안동신문,대표자명손병복업종잡지 및 정기간행물 발행업재무정보매출액 7500만원▲영업이익 512.6만원▲(2021년 기준)전체기업주소경북 안동시 경동로 516
애니에스, 안동시,(주)애니팬비티에스,"설립일                            2020년 01월 21일                                (업력 2년)대표자명이다운업종전자상거래 소매업기업주소서울 구로구 디지털로34길 55, 705호 내 105호"
애니케이알, 칠곡군,(주)애니케이알,설립일                            2005년 03월 18일                                (업력 17년)대표자명이점자업종응용 소프트웨어 개발 및 공급업기업주소경북 칠곡군 약목면 약목로 98-1
애드게이트, 구미시,(주)애드게이트,"설립일                            2005년 11월 30일                                (업력 17년)대표자명김준태업종광고 대행업재무정보매출액 80억원▲영업이익 2억원▲(2019년 기준)전체평균연봉3500만원▲                                                            (2019년 기준)전체기업주소서울 성동구 상원12길 30, 1210호"
애드컴티에스, 안동시,애드컴티에스(주),"설립일                            2009년 08월 20일                                (업력 13년)대표자명김상윤업종그 외 기타 분류 안된 사업지원 서비스업재무정보매출액 1억원▲영업이익 2500만원▲(2014년 기준)전체기업주소경북 안동시 강남5길 26, 1층"
액티브네트웍스, 영천시,(주)액티브네트웍스,"설립일                            2016년 04월 01일                                (업력 6년)대표자명박춘희업종응용 소프트웨어 개발 및 공급업재무정보매출액 5000만원▲영업이익 2500만원▲(2019년 기준)전체기업주소대구 동구 이노밸리로 322, 4층 413호"
앱솔, 영주시,(주)앱솔,"설립일                            2018년 06월 27일                                (업력 4년)대표자명이승원업종응용 소프트웨어 개발 및 공급업재무정보매출액 3억원▲영업이익 1000만원▲(2020년 기준)전체평균연봉3500만원▲                                                            (2020년 기준)전체기업주소경기 의왕시 오봉산단3로 25, 1동 1416호"
양정모바일, 경산시,양정모바일(주),설립일                            2010년 03월 31일                                (업력 12년)대표자명류창무업종응용 소프트웨어 개발 및 공급업기업주소경북 경산시 진량읍 공단4로 37
어찌닷컴, 포항시,어찌닷컴,"대표자명김희섭업종응용 소프트웨어 개발 및 공급업기업주소경북 포항시 남구 지곡로 394, 101호"
에듀비즈넷, 영주시,(주)에듀비즈넷,설립일                            2006년 08월 08일                                (업력 16년)대표자명유경자업종응용 소프트웨어 개발 및 공급업기업주소경북 영주시 지천로143번길 12
에드웹, 구미시,에드웹 코리아,설립일                            1999년                                (업력 23년)대표자명배진현기업주소부산광역시 부산진구 부전1동 130-5번지 순흥빌딩 522호
에스메이커, 포항시,(주)에스메이커,설립일                            2015년 08월 24일                                (업력 7년)대표자명배창수업종시스템ㆍ응용 소프트웨어 개발 및 공급업재무정보매출액 8억원▲영업이익 1000만원▲(2017년 기준)전체기업주소경북 경산시 남천면 남천로 176
에스알소프트, 경산시,(주)에스알소프트,"설립일                            2018년 12월 05일                                (업력 4년)대표자명정미경업종응용 소프트웨어 개발 및 공급업기업주소부산 해운대구 센텀동로 45, 1층 (주)웹스"
에스앤아이정보통신, 경산시,에스엔아이정보통신(주),"설립일                            2016년 01월 07일                                (업력 6년)대표자명이경숙업종전기회로 접속장치 제조업재무정보매출액 30억원▲영업이익 7500만원▲(2020년 기준)전체평균연봉5000만원▲                                                            (2020년 기준)전체기업주소경기 군포시 엘에스로 172, 711호,1108호"
에스피파트너스, 경산시,(주)에스피파트너스,"설립일                            2015년 11월 30일                                (업력 7년)대표자명정세화업종시스템 소프트웨어 개발 및 공급업재무정보매출액 12억원▲영업이익 1억원▲(2021년 기준)전체평균연봉3500만원▲                                                            (2021년 기준)전체기업주소경북 경산시 펜타힐즈2로 59, 802호"
에이스테크놀러지, 구미시,(주)에이스테크놀러지,설립일                            2009년 05월 13일                                (업력 13년)대표자명김만근업종전기용 기계ㆍ장비 및 관련 기자재 도매업기업주소대구 수성구 국채보상로 936
에이존테크, 구미시,에이존테크(주),"설립일                            2010년 11월 10일                                (업력 12년)대표자명채민석/김주연업종시스템 소프트웨어 개발 및 공급업평균연봉4500만원▲                                                        전체기업주소대구 북구 경대로17길 47, 906호"
에이치넷, 포항시,(주)에이치넷,"설립일                            2008년 06월 01일                                (업력 14년)대표자명김형복업종유선 방송업재무정보매출액 12억원▲영업이익 1000만원▲(2020년 기준)전체평균연봉2000만원▲                                                            (2020년 기준)전체기업주소경북 포항시 북구 장량로75번길 18, 1층"
에이치디아이미디어, 포항시,(주)에이치디아이미디어,"평균연봉3500만원▲                                                        전체기업주소경북 포항시 북구 장량로18번길 27, 1층"
에이치로보틱스, 포항시,에이치로보틱스(주),"설립일                            2018년 11월 27일                                (업력 4년)대표자명구익모업종정형외과용 및 신체보정용 기기 제조업평균연봉5000만원▲                                                        전체기업주소인천 연수구 갯벌로 129, 402호"
에이치에너지, 포항시,(주)에이치에너지,"설립일                            2018년 03월 23일                                (업력 4년)대표자명함일한업종응용 소프트웨어 개발 및 공급업재무정보매출액 110억원▲영업이익 3억원▲(2021년 기준)전체평균연봉4500만원▲                                                            (2021년 기준)전체기업주소경북 포항시 남구 청암로 87, 609호"
에이티, 구미시,에이티(주),설립일                            2006년 10월 12일                                (업력 16년)대표자명김민호업종반도체 제조용 기계 제조업재무정보매출액 35억원▲(2020년 기준)전체평균연봉4500만원▲                                                            (2020년 기준)전체기업주소대구 달성군 구지면 국가산단서로71길 81
에젤출판사, 경산시,에젤출판사,"대표자명강미경업종서적 출판업기업주소경북 경산시 강변서로 17, 301동 1401호"
엑스브레인, 포항시,엑스브레인(주),설립일                            2014년 09월 12일                                (업력 8년)대표자명최진영업종응용 소프트웨어 개발 및 공급업재무정보매출액 1000만원▲(2016년 기준)전체평균연봉5000만원▲                                                            (2016년 기준)전체기업주소경북 포항시 남구 청암로 77
엑스블루테크놀로지, 포항시,엑스블루테크놀로지에 대한 검색결과 없음,엑스블루테크놀로지에 대한 검색결과 없음
엔이더블류에스신문, 구미시,엔이더블류에스신문에 대한 검색결과 없음,엔이더블류에스신문에 대한 검색결과 없음
엔지메이킹, 경산시,엔지메이킹(NGMaking),"대표자명이대희업종전자상거래 소매 중개업기업주소경기 수원시 영통구 광교로 156, 11층"
엠브이알, 경주시,(주)엠브이알,"설립일                            2017년 12월 27일                                (업력 5년)대표자명이태곤업종시스템ㆍ응용 소프트웨어 개발 및 공급업평균연봉3000만원▲                                                        전체기업주소경북 경주시 보문로 507, 지하1층"
엠에스코리아영남본부, 구미시,엠에스코리아영남본부에 대한 검색결과 없음,엠에스코리아영남본부에 대한 검색결과 없음
엠에이, 경주시,(주)엠에이,설립일                            2015년 07월 08일                                (업력 7년)대표자명최원재업종그 외 기타 분류 안된 사업지원 서비스업기업주소충북 청주시 흥덕구 옥산면 옥산산단로 76
연미불, 경주시,연미불,"대표자명최보미업종시각 디자인업기업주소경북 경주시 동대로 123, V동 202호"
연합방송, 구미시,(주)연합방송,설립일                            2015년 01월 06일                                (업력 7년)대표자명이용철업종그 외 기타 정보 서비스업기업주소경북 구미시 선산대로 11
영광기획, 경산시,(주)영광기획,설립일                            2018년 11월 21일                                (업력 4년)대표자명서한선업종광고 대행업재무정보매출액 7500만원▲(2021년 기준)전체기업주소경기 시흥시 새재로7번길 6-1
영남사, 안동시,영남사,설립일                            2005년 12월 20일                                (업력 17년)대표자명송복희업종서적 출판업기업주소경북 안동시 광석1길 27-29
영남신문, 안동시,(주)영남신문,설립일                            2018년 10월 12일                                (업력 4년)대표자명김기연업종신문 발행업재무정보매출액 917.7만원▲(2019년 기준)전체기업주소부산 중구 보수대로 128
영남타임즈, 영주시,영남타임즈,"대표자명배순경업종신문, 잡지 및 정기간행물 출판업기업주소경북 영주시 숫골길11번길 21-1"
영덕신문사, 영덕군,(주)영덕신문사,"대표자명문상순업종신문, 잡지 및 정기간행물 출판업기업주소경북 영덕군 영덕읍 남석길 62, 2층"
영덕울진인터넷뉴스, 영덕군,(주)영덕울진인터넷뉴스,설립일                            2011년 07월 18일                                (업력 11년)대표자명권태환업종잡지 및 정기간행물 발행업기업주소경북 영덕군 영덕읍 우곡리 311번지
영상광고기획, 예천군,(주)빅밴드앤코,설립일                            2014년 11월 05일                                (업력 8년)대표자명박재영/김영훈업종광고 대행업재무정보매출액 120억원▲(2021년 기준)전체평균연봉4000만원▲                                                            (2021년 기준)전체기업주소서울 마포구 토정로 36
영상문화사, 구미시,영상문화사,대표자명석영복업종기타 인쇄업기업주소경북 구미시 사곡로 42
영상이야기, 구미시,영상이야기,대표자명황유돈업종연예·엔터테인먼트기업주소경북 구미시 원평동 409번지 목산빌딩 3층
영주FM방송, 영주시,영주에프엠방송,설립일                            2005년 02월 23일                                (업력 17년)대표자명송석영업종광고 영화 및 비디오물 제작업기업주소경북 영주시 영주로 209-1
영주교차로, 영주시,영주교차로,대표자명박세혁업종정기 광고간행물 발행업기업주소경북 영주시 시청로 33-1
영주미디어, 영주시,(주)영주미디어,설립일                            2008년 07월 09일                                (업력 14년)대표자명서현제업종신문 발행업재무정보매출액 5억원▲(2020년 기준)전체평균연봉3000만원▲                                                            (2020년 기준)전체기업주소경북 영주시 신재로24번길 95-31
영주벼룩시장, 영주시,영주벼룩시장에 대한 검색결과 없음,영주벼룩시장에 대한 검색결과 없음
영창필름, 안동시,영창필름,"대표자명권영창업종일반 영화 및 비디오물 제작업기업주소경북 안동시 복주2길 25, 101동 303호"
영천뉴스24, 영천시,영천뉴스24에 대한 검색결과 없음,영천뉴스24에 대한 검색결과 없음
영천시민신문, 영천시,(주)영천시민신문,설립일                            1997년 09월 01일                                (업력 25년)대표자명지송식업종신문 발행업재무정보매출액 2억원▲영업이익 1000만원▲(2021년 기준)전체평균연봉2500만원▲                                                            (2021년 기준)전체기업주소경북 영천시 조양공원길 24
영천신문, 영천시,(주)영천신문,"설립일                            2011년 11월 14일                                (업력 11년)대표자명장지수업종신문 발행업재무정보매출액 5000만원▲(2021년 기준)전체기업주소경북 영천시 호국로 17, 2층"
영천인터넷뉴스, 영천시,(주)영천인터넷뉴스,설립일                            2007년 05월 25일                                (업력 15년)대표자명신영은업종유선 방송업재무정보매출액 7500만원▲영업이익 2500만원▲(2021년 기준)전체기업주소경북 영천시 최무선로 280
예닮기획, 고령군,예닮기획,"대표자명배영미업종광고물 문안, 도안, 설계 등 작성업재무정보매출액 5000만원▲영업이익 285.1만원▲(2019년 기준)전체기업주소경북 고령군 대가야읍 장기공단1길 25"
예비창업자(올라라TV), 구미시,예비창업자(올라라TV)에 대한 검색결과 없음,예비창업자(올라라TV)에 대한 검색결과 없음
예원기획, 구미시,예원기획,"대표자명백중현업종종이 원지, 판지, 종이상자 도매업기업주소서울 종로구 수표로20길 16-9"
예음커뮤니케이션즈, 안동시,예음커뮤니케이션즈에 대한 검색결과 없음,예음커뮤니케이션즈에 대한 검색결과 없음
예천뉴스신문사, 예천군,(주)예천뉴스신문사,"설립일                            2010년 02월 11일                                (업력 12년)대표자명이태현업종잡지 및 정기간행물 발행업기업주소경북 예천군 예천읍 군청앞길 6, 대한체육사"
예천신문사, 예천군,(주)예천신문사,"대표자명김도영업종잡지 및 정기간행물 발행업재무정보매출액 1억원▲(2020년 기준)전체평균연봉3000만원▲                                                            (2020년 기준)전체기업주소경북 예천군 예천읍 효자로 117, 2층"
예천인터넷뉴스, 예천군,예천인터넷뉴스에 대한 검색결과 없음,예천인터넷뉴스에 대한 검색결과 없음
오름, 포항시,(주)오름,"설립일                            2013년 11월 07일                                (업력 9년)대표자명김진성업종포털 및 기타 인터넷 정보매개 서비스업재무정보매출액 12억원▲영업이익 2억원▲(2016년 기준)전체평균연봉3500만원▲                                                            (2016년 기준)전체기업주소경기 안양시 동안구 관악대로359번길 10-18, 402호"
오케이114, 구미시,오케이114(주),"설립일                            2012년 07월 30일                                (업력 10년)대표자명임종형업종광고 대행업재무정보매출액 25억원▲영업이익 7억원▲(2021년 기준)전체평균연봉3500만원▲                                                            (2021년 기준)전체기업주소전북 전주시 완산구 백제대로 145, 2층"
올댓파크, 문경시,(주)올댓파크,설립일                            2014년 07월 07일                                (업력 8년)대표자명윤두현업종유원지 및 테마파크 운영업재무정보매출액 9억원▲영업이익 1억원▲(2017년 기준)전체평균연봉3000만원▲                                                            (2017년 기준)전체기업주소경북 문경시 가은읍 왕능길 114
옵티마인드솔루션, 구미시,(주)옵티마인드솔루션,대표자명노윤재업종응용 소프트웨어 개발 및 공급업재무정보매출액 3억원▲영업이익 2500만원▲(2019년 기준)전체기업주소경북 구미시 장천면 신장2길 171-1
와이브미디어, 포항시,(주)에이원컴퍼니,"설립일                            2014년 02월 19일                                (업력 8년)대표자명김정학업종컴퓨터 제조업재무정보매출액 9억원▲영업이익 7500만원▲(2021년 기준)전체기업주소경북 포항시 북구 흥해읍 성곡북길 120-50, 1층"
와이엘솔루션, 경산시,(주)와이엘솔루션,"설립일                            2017년 07월 07일                                (업력 5년)대표자명정민규업종응용 소프트웨어 개발 및 공급업재무정보매출액 1억원▲(2018년 기준)전체평균연봉5000만원▲                                                            (2018년 기준)전체기업주소경북 경산시 둥지로18길 19, 202호"
와이즈텍, 포항시,(주)와이즈텍,설립일                            2003년 10월 01일                                (업력 19년)대표자명이형식업종시스템 소프트웨어 개발 및 공급업재무정보매출액 10억원▲(2021년 기준)전체평균연봉4000만원▲                                                            (2021년 기준)전체기업주소경북 포항시 남구 연일읍 연일로145번길 27
우와넷, 포항시,(주)우와넷,"설립일                            2012년 02월 02일                                (업력 10년)대표자명송은호업종가전제품 및 부품 도매업기업주소경북 포항시 남구 중흥로114번길 8-5, 2층"
우인스, 포항시,(주)우인스,대표자명최두길업종시스템 소프트웨어 개발 및 공급업기업주소경북 포항시 북구 중흥로 212
울릉도아리랑, 울릉군,울릉도아리랑에 대한 검색결과 없음,울릉도아리랑에 대한 검색결과 없음
울릉케이블티브이방송, 울릉군,울릉케이블티브이방송,대표자명정형조업종유선 방송업기업주소경북 울릉군 울릉읍 무릉길 227-37
울진신문사, 울진군,울진신문사(주),설립일                            2010년 12월 09일                                (업력 12년)대표자명전병식업종잡지 및 정기간행물 발행업재무정보매출액 1억원▲영업이익 455.5만원▲(2016년 기준)전체기업주소경북 울진군 울진읍 읍내3길 17
월간독도매거진, 울릉군,월간독도매거진에 대한 검색결과 없음,월간독도매거진에 대한 검색결과 없음
월드광고기획, 안동시,월드광고기획,대표자명이기배업종간판 및 광고물 제조업기업주소서울 강서구 양천로 670
월드기획인쇄사, 구미시,월드기획인쇄사에 대한 검색결과 없음,월드기획인쇄사에 대한 검색결과 없음
월드알에프, 문경시,(주)월드알에프,설립일                            2003년 10월 17일                                (업력 19년)대표자명이이용업종응용 소프트웨어 개발 및 공급업기업주소경북 문경시 문경읍 갈평길 15
웨보노믹스, 안동시,(주)웨보노믹스,"설립일                            1999년 12월 22일                                (업력 23년)대표자명김용군업종컴퓨터 프로그래밍 서비스업재무정보매출액 30억원▲영업이익 7500만원▲(2021년 기준)전체평균연봉3000만원▲                                                            (2021년 기준)전체기업주소경북 안동시 경동로 526, 2층 201호"
웨이드, 안동시,(주)웨이드,"설립일                            2014년 12월 16일                                (업력 8년)대표자명석주영업종반도체 제조용 기계 제조업재무정보매출액 15억원▲영업이익 7500만원▲(2019년 기준)전체기업주소인천 연수구 송도미래로 30, E동 1702호"
웹놀이터, 경주시,웹놀이터에 대한 검색결과 없음,웹놀이터에 대한 검색결과 없음
웹툰작가(김수박), 상주시,웹툰작가(김수박)에 대한 검색결과 없음,웹툰작가(김수박)에 대한 검색결과 없음
웹툰작가(손창호), 경산시,웹툰작가(손창호)에 대한 검색결과 없음,웹툰작가(손창호)에 대한 검색결과 없음
웹툰작가(이종락), 상주시,웹툰작가(이종락)에 대한 검색결과 없음,웹툰작가(이종락)에 대한 검색결과 없음
웹툰작가(이진아), 경산시,웹툰작가(이진아)에 대한 검색결과 없음,웹툰작가(이진아)에 대한 검색결과 없음
웹툰작가(이진택), 경산시,웹툰작가(이진택)에 대한 검색결과 없음,웹툰작가(이진택)에 대한 검색결과 없음
웹툰작가(한성민), 예천군,웹툰작가(한성민)에 대한 검색결과 없음,웹툰작가(한성민)에 대한 검색결과 없음
웹홀릭, 구미시,웹홀릭,"대표자명송재홍업종컴퓨터 프로그래밍 서비스업기업주소경북 구미시 산호대로35길 12-15, 301호"
위메이드잇, 구미시,위메이드잇에 대한 검색결과 없음,위메이드잇에 대한 검색결과 없음
위즈, 안동시,(주)위즈,"설립일                            2017년 06월 23일                                (업력 5년)대표자명최현규업종그 외 기타 분류 안된 전문, 과학 및 기술 서비스업재무정보매출액 10억원▲영업이익 2억원▲(2021년 기준)전체평균연봉4000만원▲                                                            (2021년 기준)전체기업주소경북 청송군 진보면 진보로 143"
위츠모빌리티, 영천시,(주)위츠모빌리티,"설립일                            2017년 11월 03일                                (업력 5년)대표자명배기한업종컴퓨터 프로그래밍 서비스업기업주소경북 영천시 금호읍 대구대길 333, 2호관 1315호"
윈티앤에스, 포항시,(주)윈티앤에스,"설립일                            1999년 04월 28일                                (업력 23년)대표자명최기수업종내부 통신배선 공사업재무정보매출액 25억원▲영업이익 1억원▲(2021년 기준)전체평균연봉3500만원▲                                                            (2021년 기준)전체기업주소경북 포항시 남구 지곡로 394, B동 104호"
윌림, 영천시,(주)윌림,"설립일                            2016년 10월 10일                                (업력 6년)대표자명배준호업종응용 소프트웨어 개발 및 공급업재무정보매출액 7500만원▲(2020년 기준)전체평균연봉4500만원▲                                                            (2020년 기준)전체기업주소서울 중구 청계천로 40, 13층 1302호"
윌이엔씨(WillE&C), 울진군,윌이엔씨(WillE&C)에 대한 검색결과 없음,윌이엔씨(WillE&C)에 대한 검색결과 없음
윙크커뮤니케이션즈, 안동시,윙크커뮤니케이션즈에 대한 검색결과 없음,윙크커뮤니케이션즈에 대한 검색결과 없음
유니버싱정보출판, 경주시,유니버싱정보출판,대표자명임병덕업종음악 및 기타 오디오물 출판업기업주소경북 경주시 남산동 1035
유니에버, 구미시,유니에버(주),"설립일                            2006년 08월 23일                                (업력 16년)대표자명남준모업종응용 소프트웨어 개발 및 공급업재무정보매출액 20억원▲(2021년 기준)전체평균연봉4500만원▲                                                            (2021년 기준)전체기업주소경북 구미시 산동읍 첨단기업1로 17, 308호"
유비, 포항시,(주)유비,"설립일                            2003년 06월 24일                                (업력 19년)대표자명유창욱업종컴퓨터 프로그래밍 서비스업재무정보매출액 6억원▲(2020년 기준)전체평균연봉3500만원▲                                                            (2020년 기준)전체기업주소경북 포항시 남구 중앙로 115, 3층"
유엔테크날러지, 경산시,유엔테크날러지,대표자명송태성업종시스템ㆍ응용 소프트웨어 개발 및 공급업기업주소경북 경산시 자인면 자인공단1로 44
유엠지, 포항시,(주)유엠지,설립일                            2011년 08월 11일                                (업력 11년)대표자명허길행업종의복 액세서리 및 모조 장신구 소매업재무정보매출액 20억원▲영업이익 7500만원▲(2019년 기준)전체평균연봉3000만원▲                                                            (2019년 기준)전체기업주소경기 고양시 일산동구 성석로126번길 22-1
유일사, 포항시,유일사,대표자명이태근업종세탁업기업주소충북 청주시 서원구 충렬로76번길 14-2
유징테크, 포항시,유징테크(주),대표자명이재목업종기타 게임 소프트웨어 개발 및 공급업재무정보매출액 15억원▲영업이익 2500만원▲(2021년 기준)전체평균연봉6000만원▲                                                            (2021년 기준)전체기업주소경북 포항시 남구 효성로 70-22
유투엔지, 울진군,(주)유투엔지,"설립일                            2011년 02월 23일                                (업력 11년)대표자명장경석업종기타 무선 통신장비 제조업기업주소경북 경주시 경감로 587-18, 308호"
은척유선방송, 상주시,은척유선방송에 대한 검색결과 없음,은척유선방송에 대한 검색결과 없음
의성군민신문, 의성군,(주)의성군민신문,설립일                            2013년 04월 09일                                (업력 9년)대표자명김현묵업종신문 발행업기업주소경북 의성군 의성읍 구봉길 215-10
의성신문사, 의성군,(주)의성신문사,설립일                            2011년 02월 08일                                (업력 11년)대표자명권혁만업종광고 대행업재무정보매출액 1억원▲(2021년 기준)전체기업주소경북 의성군 의성읍 충효로 14
이너센서, 포항시,(주)이너센서,"설립일                            2015년 06월 19일                                (업력 7년)대표자명강문식업종물질 검사, 측정 및 분석기구 제조업재무정보매출액 10억원▲(2021년 기준)전체평균연봉4000만원▲                                                            (2021년 기준)전체기업주소경북 포항시 남구 지곡로 394, 포항테크노파크 제5벤처동 302호"
이동기광고기획, 청도군,이동기광고기획,대표자명이동기업종기타 인쇄업기업주소경북 청도군 청도읍 안인2길 17
이룸소프트웨어, 구미시,(주)이룸소프트웨어,"설립일                            2017년 10월 13일                                (업력 5년)대표자명김우창업종응용 소프트웨어 개발 및 공급업기업주소경북 구미시 형곡로 5, 501호"
이블스튜디오, 경산시,(주)이블스튜디오,"설립일                            2017년 11월 21일                                (업력 5년)대표자명김은성업종모바일 게임 소프트웨어 개발 및 공급업재무정보매출액 5억원▲영업이익 1000만원▲(2021년 기준)전체평균연봉2500만원▲                                                            (2021년 기준)전체기업주소경북 경산시 삼풍로 27, 경북테크노파크 글로벌벤처동 2102호-1(1)"
이솔루션, 안동시,(주)이솔루션,"설립일                            2019년 12월 09일                                (업력 3년)대표자명박태성업종응용 소프트웨어 개발 및 공급업재무정보매출액 3억원▲(2021년 기준)전체평균연봉3500만원▲                                                            (2021년 기준)전체기업주소경기 용인시 기흥구 동백3로11번길 33, 802동 832호"
이엠맵정보, 구미시,(주)이엠맵정보,설립일                            2005년 02월 14일                                (업력 17년)대표자명박근수업종배관 및 냉ㆍ난방 공사업재무정보매출액 40억원▲(2021년 기준)전체평균연봉4000만원▲                                                            (2021년 기준)전체기업주소경북 구미시 삼일로 12
이우텍, 안동시,(주)이우텍,설립일                            2008년 12월 24일                                (업력 14년)대표자명김평업종전자감지장치 제조업재무정보매출액 15억원▲(2016년 기준)전체기업주소경기 용인시 처인구 양지면 중부대로2513번길 38
이지트, 구미시,(주)이지트,"설립일                            2017년 02월 21일                                (업력 5년)대표자명정원식업종응용 소프트웨어 개발 및 공급업기업주소경북 구미시 옥계북로 69, 102동 802호"
이츠엠, 포항시,(주)이츠엠,"설립일                            2012년 05월 25일                                (업력 10년)대표자명서연지업종응용 소프트웨어 개발 및 공급업재무정보매출액 15억원▲영업이익 2500만원▲(2020년 기준)전체평균연봉4500만원▲                                                            (2020년 기준)전체기업주소경북 포항시 남구 대이로63번길 6, 3층"
익센트릭게임그루, 경산시,(주)익센트릭게임그루,"설립일                            2016년 04월 04일                                (업력 6년)대표자명박형준업종모바일 게임 소프트웨어 개발 및 공급업재무정보매출액 4억원▲(2021년 기준)전체기업주소경북 경산시 삼풍로 27, 글로벌벤처동 2501호,2502호"
人과IN디자인컨설팅, 안동시,人과IN디자인컨설팅에 대한 검색작업 중 예상치 못한 오류가 발생했습니다.,人과IN디자인컨설팅에 대한 검색작업 중 예상치 못한 오류가 발생했습니다.
인쇄나라제본공주, 구미시,인쇄나라제본공주에 대한 검색결과 없음,인쇄나라제본공주에 대한 검색결과 없음
인포나인, 포항시,인포나인(주),"설립일                            2013년 09월 26일                                (업력 9년)대표자명이진곤업종컴퓨터 제조업재무정보매출액 2500만원▲(2020년 기준)전체기업주소경북 포항시 북구 흥해읍 신덕로 60, 창업보육센터 101호"
인플랩, 구미시,인플랩(주),"설립일                            2018년 10월 26일                                (업력 4년)대표자명장원호업종응용 소프트웨어 개발 및 공급업재무정보매출액 40억원▲영업이익 1억원▲(2021년 기준)전체평균연봉3500만원▲                                                            (2021년 기준)전체기업주소경북 김천시 혁신로 303, 303호"
인현아이티에스, 구미시,인현아이티에스,"기업주소경북 구미시 1공단로 132, 113호"
일간경북신문, 포항시,(주)일간경북신문,대표자명김영곤업종신문 발행업평균연봉3000만원▲                                                        전체기업주소경북 포항시 남구 중섬로 83
일일경북신문, 포항시,(주)일일경북신문,설립일                            2013년 01월 02일                                (업력 9년)대표자명오주섭업종신문 발행업기업주소경북 포항시 북구 새천년대로 585
일진정보, 경주시,(주)일진정보,"대표자명박희준업종컴퓨터 및 주변장치, 소프트웨어 도매업재무정보매출액 2억원▲영업이익 2500만원▲(2020년 기준)전체기업주소경북 경주시 북성로 41"
임펙트출판인쇄, 김천시,임펙트출판인쇄,대표자명변용호업종인쇄업기업주소경북 김천시 시청1길 51
전통문화진흥원, 경주시,(사)한국전통문화진흥원,대표자명이장열업종인문 및 사회과학 연구개발업기업주소충북 보은군 속리산면 만수길 98-9
전통문화콘텐츠개발 사업단, 안동시,전통문화콘텐츠개발 사업단에 대한 검색결과 없음,전통문화콘텐츠개발 사업단에 대한 검색결과 없음
제노픽스, 경산시,(주)제노픽스,"설립일                            2020년 11월 30일                                (업력 2년)대표자명정진구업종의학 및 약학 연구개발업평균연봉4500만원▲                                                            (2021년 기준)전체기업주소서울 성동구 뚝섬로17가길 48, 407호"
제니스정보기술, 구미시,(주)제니스정보기술,"대표자명이용재업종응용 소프트웨어 개발 및 공급업재무정보매출액 15억원▲(2018년 기준)전체평균연봉4000만원▲                                                            (2018년 기준)전체기업주소경북 구미시 구미대로 350-27, 201호"
제이뉴스, 안동시,(주)제이케이뉴스미디어,"설립일                            2009년 11월 12일                                (업력 13년)대표자명방원석업종뉴스 제공업평균연봉2500만원▲                                                        전체기업주소서울 서초구 사임당로 58, 103호"
제이디솔엠, 구미시,제이디솔엠에 대한 검색결과 없음,제이디솔엠에 대한 검색결과 없음
제이시, 구미시,제이시(주),"설립일                            2007년 07월 19일                                (업력 15년)대표자명이종찬업종손해 보험업기업주소서울 종로구 종로 413, 403호"
"제이앤드케이커뮤니
케이션", 포항시,(주)제이앤드케이커뮤니케이션,"대표자명이규정업종광고 대행업재무정보매출액 2억원▲(2016년 기준)전체평균연봉5000만원▲                                                            (2016년 기준)전체기업주소경북 포항시 북구 새천년대로1001번길 6-24, 2층 202호"
제이에스엠비, 구미시,(유)제이에스엠비,"설립일                            2014년 05월 21일                                (업력 8년)대표자명김대성업종응용 소프트웨어 개발 및 공급업기업주소경북 구미시 금오시장로 13, 상가 150호"
제이컴기획, 경주시,(주)제이컴기획,"설립일                            2010년 03월 18일                                (업력 12년)대표자명조웅배업종전시, 컨벤션 및 행사 대행업재무정보매출액 6억원▲(2020년 기준)전체평균연봉3000만원▲                                                            (2020년 기준)전체기업주소경북 경주시 알천북로 409, 2층"
제일미디컴, 안동시,제일미디컴,대표자명임호진업종방송 프로그램 제작업기업주소경북 안동시 퇴계로 123
제일커뮤니티, 포항시,제일커뮤니티,대표자명최해철업종기타 인쇄업재무정보매출액 3억원▲영업이익 2500만원▲(2018년 기준)전체기업주소경북 포항시 남구 포스코대로 440
조은디자인, 구미시,조은디자인(주),"설립일                            2009년 08월 04일                                (업력 13년)대표자명송현수업종도배, 실내장식 및 내장 목공사업평균연봉2500만원▲                                                        전체기업주소경기 수원시 영통구 법조로 25, A동 2107호"
조은출력, 포항시,조은출력,"대표자명안영임업종인쇄업기업주소경북 포항시 북구 서동로 761, 층"
조형연구소디에이, 구미시,(주)조형연구소디에이,"설립일                            2009년 03월 30일                                (업력 13년)대표자명이동철업종도배, 실내장식 및 내장 목공사업재무정보매출액 4억원▲(2021년 기준)전체평균연봉4500만원▲                                                            (2021년 기준)전체기업주소경북 구미시 선기로3길 31, 2층"
좋은이야기, 의성군,(주)좋은이야기,"설립일                            2014년 07월 10일                                (업력 8년)대표자명최호영업종광고물 문안, 도안, 설계 등 작성업재무정보매출액 12억원▲영업이익 7500만원▲(2021년 기준)전체평균연봉3500만원▲                                                            (2021년 기준)전체기업주소경북 의성군 의성읍 문소3길 44"
주간상주, 상주시,(주)주간상주신문대한연합방송,"설립일                            2009년 08월 06일                                (업력 13년)대표자명송옥순업종잡지 및 정기간행물 발행업재무정보매출액 2500만원▲(2021년 기준)전체기업주소경북 상주시 계산3길 59-4, 1층"
주간영덕, 영덕군,(주)주간영덕,설립일                            2010년 10월 26일                                (업력 12년)대표자명김관태업종잡지 및 정기간행물 발행업재무정보매출액 7500만원▲(2021년 기준)전체기업주소경북 영덕군 영덕읍 강영로 505
주주메카, 경산시,주주메카,"설립일                            2012년 03월 05일                                (업력 10년)대표자명이순옥업종연극단체기업주소경북 경산시 경안로69길 12, 101동 1502호"
준디자인, 안동시,(주)준디자인,"설립일                            2006년 06월 28일                                (업력 16년)대표자명김민석업종도배, 실내장식 및 내장 목공사업재무정보매출액 130억원▲영업이익 3억원▲(2019년 기준)전체평균연봉4500만원▲                                                            (2019년 기준)전체기업주소부산 연제구 거제대로 246"
중부신문, 구미시,중부신문(주),대표자명김락상업종신문 발행업평균연봉2500만원▲                                                        전체기업주소경북 구미시 송원서로2길 19
중앙출판사, 문경시,(주)중앙출판사,"설립일                            2011년 07월 07일                                (업력 11년)대표자명이상호업종기타 인쇄물 출판업재무정보매출액 3억원▲영업이익 1000만원▲(2019년 기준)전체평균연봉3500만원▲                                                            (2019년 기준)전체기업주소경기 고양시 일산동구 고봉로 32-9, 625호"
중원엔터테인먼트, 경산시,(주)중원엔터테인먼트,"설립일                            2016년 05월 10일                                (업력 6년)대표자명윤선학업종유선 온라인 게임 소프트웨어 개발 및 공급업재무정보매출액 2억원▲(2017년 기준)전체평균연봉4500만원▲                                                            (2017년 기준)전체기업주소서울 강남구 논현로175길 25, 302호"
지스텍코리아, 영천시,지스텍코리아(주),대표자명문성호업종기타 정보기술 및 컴퓨터운영 관련 서비스업재무정보매출액 20억원▲영업이익 4억원▲(2019년 기준)전체평균연봉3500만원▲                                                            (2019년 기준)전체기업주소경북 영천시 조양길 120
지엔소프트, 경산시,지엔소프트(주),"설립일                            2007년 01월 18일                                (업력 15년)대표자명김진수업종시스템 소프트웨어 개발 및 공급업재무정보매출액 70억원▲(2021년 기준)전체평균연봉4000만원▲                                                            (2021년 기준)전체기업주소대전 유성구 문지로 272-16, 201호.202호.203호.204호.205호"
지엠티뷔국민방송, 구미시,(주)지엠티뷔국민방송,설립일                            2009년 12월 24일                                (업력 13년)대표자명최영태업종포털 및 기타 인터넷 정보매개 서비스업기업주소경북 구미시 도봉로3길 3-26
지엠티브이, 김천시,지엠티브이（GMTV）,"대표자명임정구업종영화, 비디오물 및 방송프로그램 제작업기업주소경북 김천시 봉산면 봉계3길 26"
지엠프린텍, 구미시,지엠프린텍,대표자명류시안업종오프셋 인쇄업재무정보매출액 15억원▲영업이익 3억원▲(2021년 기준)전체기업주소경북 구미시 구미중앙로 296
지오씨엔아이, 경산시,지오씨엔아이에 대한 검색결과 없음,지오씨엔아이에 대한 검색결과 없음
지음이엔지, 포항시,(주)지음이엔지,"대표자명노영자업종컴퓨터시스템 통합 자문 및 구축 서비스업재무정보매출액 3억원▲영업이익 7500만원▲(2019년 기준)전체기업주소경북 포항시 남구 중앙로 136, 202호"
지이에스, 포항시,(주)지이에스,"설립일                            2006년 08월 23일                                (업력 16년)대표자명송수영업종일반 교과 학원재무정보매출액 40억원▲영업이익 2억원▲(2020년 기준)전체평균연봉2500만원▲                                                            (2020년 기준)전체기업주소경기 김포시 김포한강11로 139-44, 2층,3층,4층,5층,6층"
지호월드, 구미시,지호월드(주),"설립일                            2016년 10월 05일                                (업력 6년)대표자명배지호업종데이터베이스 및 온라인정보 제공업재무정보매출액 2억원▲영업이익 5000만원▲(2021년 기준)전체기업주소경북 구미시 도봉로5길 77, 105동 207호"
진량광고기획, 경산시,진량광고기획,대표자명김태동업종옥외 및 전시 광고업기업주소경북 경산시 진량읍 해든길1길 5
진성기획, 경주시,진성기획,설립일                            2016년 09월 21일                                (업력 6년)대표자명김규태업종광고·홍보·전시기업주소서울 중랑구 동일로 769 성심빌딩
진앤민디자인, 문경시,진앤민디자인에 대한 검색결과 없음,진앤민디자인에 대한 검색결과 없음
차세대아이씨티융합 센터, 경주시,(주)차세대아이씨티융합센터,"설립일                            2016년 07월 04일                                (업력 6년)대표자명최승환업종컴퓨터시스템 통합 자문 및 구축 서비스업재무정보매출액 12억원▲영업이익 1억원▲(2021년 기준)전체기업주소경북 경주시 알천북로233번길 5, 4층"
참살이, 영주시,참살이,설립일                            2008년 03월 18일                                (업력 14년)대표자명신세호업종차류 가공업재무정보매출액 20억원▲영업이익 1억원▲(2018년 기준)전체기업주소전남 고흥군 고흥읍 호산로 341-27
창조이벤트, 포항시,(유)마을디자인연구소,"설립일                            2019년 08월 23일                                (업력 3년)대표자명윤종필업종경 인쇄업재무정보매출액 1억원▲(2021년 기준)전체기업주소전남 순천시 수박등2길 21, 102동 101호"
채널경북, 영천시,(주)채널경북,설립일                            2011년 07월 01일                                (업력 11년)대표자명양보운업종방송 프로그램 제작업재무정보매출액 3억원▲(2021년 기준)전체기업주소경북 영천시 최무선로 280-1
천년디자인, 경주시,천년디자인에 대한 검색작업 중 예상치 못한 오류가 발생했습니다.,천년디자인에 대한 검색작업 중 예상치 못한 오류가 발생했습니다.
청도신문, 청도군,(주)청도신문,대표자명정한호업종잡지 및 정기간행물 발행업재무정보매출액 1억원▲영업이익 2500만원▲(2021년 기준)전체기업주소경북 청도군 화양읍 청화로 71-11
청송영양신문, 청송군,청송영양신문(주),설립일                            2013년 03월 07일                                (업력 9년)대표자명권동준업종신문 발행업재무정보매출액 7500만원▲영업이익 815.9만원▲(2021년 기준)전체기업주소경북 청송군 진보면 진보로 137
청운, 문경시,(주)청운,설립일                            2010년 01월 06일                                (업력 12년)대표자명이승주업종포장용 플라스틱 성형용기 제조업재무정보매출액 40억원▲영업이익 2500만원▲(2021년 기준)전체평균연봉3500만원▲                                                            (2021년 기준)전체기업주소경북 경산시 하양읍 지식산업2로 110
청하이앤시, 포항시,청하이앤시에 대한 검색결과 없음,청하이앤시에 대한 검색결과 없음
칠곡신문방송사, 칠곡군,칠곡신문방송사에 대한 검색결과 없음,칠곡신문방송사에 대한 검색결과 없음
칠곡인터넷뉴스, 칠곡군,칠곡인터넷뉴스에 대한 검색결과 없음,칠곡인터넷뉴스에 대한 검색결과 없음
카카오즈, 경산시,카카오즈,설립일                            2008년 11월 30일                                (업력 14년)대표자명최형국업종시스템ㆍ응용 소프트웨어 개발 및 공급업기업주소대구 남구 대명동
캐드뱅크거목, 경주시,캐드뱅크거목,"대표자명김도연업종컴퓨터 및 주변장치, 소프트웨어 소매업기업주소경북 경주시 황성로69번길 40, 101동 305호"
케어차일드, 구미시,(주)크린스페이스,"설립일                            2011년 08월 19일                                (업력 11년)대표자명유영덕업종소독, 구충 및 방제 서비스업재무정보매출액 2억원▲영업이익 2500만원▲(2017년 기준)전체기업주소경기 고양시 덕양구 무원로6번길 36, 604호"
케이디엔터테인먼트, 경산시,(주)케이디엔터테인먼트,"설립일                            2017년 08월 23일                                (업력 5년)대표자명강경대업종유선 온라인 게임 소프트웨어 개발 및 공급업재무정보매출액 2억원▲영업이익 1000만원▲(2020년 기준)전체평균연봉3000만원▲                                                            (2020년 기준)전체기업주소경북 경산시 삼풍로 27, 경북테크노파크 글로벌벤처동 2103호-2(2)"
케이씨에스, 구미시,케이씨에스(주),"설립일                            1996년 01월 29일                                (업력 26년)대표자명이상욱/이명우업종그 외 기타 건축자재 도매업재무정보매출액 60억원▲(2021년 기준)전체평균연봉4000만원▲                                                            (2021년 기준)전체기업주소서울 광진구 천호대로 549, 13층"
케이아이티, 포항시,(주)케이아이티,설립일                            2009년 11월 16일                                (업력 13년)대표자명김성규업종그 외 기타 전자부품 제조업재무정보매출액 300억원▲(2021년 기준)전체평균연봉4500만원▲                                                            (2021년 기준)전체기업주소대구 동구 팔공로53길 108
케이페이스, 포항시,(주)케이페이스,"설립일                            2017년 12월 27일                                (업력 5년)대표자명김표종업종응용 소프트웨어 개발 및 공급업재무정보매출액 5억원▲영업이익 7500만원▲(2018년 기준)전체평균연봉3000만원▲                                                            (2018년 기준)전체기업주소경북 포항시 북구 장량로128번길 9, 301호"
케이펙, 포항시,(주)케이펙,"설립일                            2002년 01월 18일                                (업력 20년)대표자명이정호업종상품 종합 도매업재무정보매출액 25억원▲영업이익 2억원▲(2019년 기준)전체평균연봉6500만원▲                                                            (2019년 기준)전체기업주소서울 서초구 강남대로6길 11, 201호"
코드팩토리, 포항시,코드팩토리,"대표자명이동근업종응용 소프트웨어 개발 및 공급업재무정보매출액 6억원▲영업이익 7500만원▲(2019년 기준)전체기업주소경북 포항시 남구 대이로46번길 3-6, 2층"
큐브3D그래픽, 안동시,큐브3D그래픽에 대한 검색결과 없음,큐브3D그래픽에 대한 검색결과 없음
큐브로스, 구미시,(주)큐브로스,대표자명김무아업종솔루션·SI·ERP·CRM기업주소서울 강남구 삼성동 142-43 삼성금융프라자 17층 패스트파이브
큐브앤씨, 안동시,(주)큐브앤씨,"설립일                            2020년 07월 17일                                (업력 2년)대표자명최정섭업종컴퓨터시스템 통합 자문 및 구축 서비스업재무정보매출액 3억원▲영업이익 2억원▲(2021년 기준)전체평균연봉4500만원▲                                                            (2021년 기준)전체기업주소서울 강북구 삼양로19길 113, 107동 802호"
크레도, 구미시,(주)크레도,"설립일                            2015년 09월 09일                                (업력 7년)대표자명최종국업종그 외 기타 의료용 기기 제조업재무정보매출액 2억원▲(2021년 기준)전체평균연봉2500만원▲                                                            (2021년 기준)전체기업주소강원 원주시 배울로 86, 302호"
클라우드브릭, 포항시,클라우드브릭(주),"설립일                            2017년 09월 08일                                (업력 5년)대표자명정태준업종기타 게임 소프트웨어 개발 및 공급업평균연봉5000만원▲                                                        전체기업주소경북 포항시 남구 청암로 87, 6층 642호"
타임뉴스, 영주시,(주)타임뉴스,대표자명김정욱업종신문 발행업기업주소경북 영주시 목민로68번길 2
